letter,language,coverage,title,id,file
F,"French",Full Bible,"Sainte Bible libre pour le monde",frasbl,F/French/Full Bible — Sainte Bible libre pour le monde.html
E,"English",Full Bible,"World English Bible Classic",eng-web,E/English/Full Bible — World English Bible Classic.html
E,"English",Full Bible,"World English Bible British Edition with Deuterocanon",eng-webbe,E/English/Full Bible — World English Bible British Edition with Deuterocanon.html
E,"English",Full Bible,"World English Bible Updated",engwebu,E/English/Full Bible — World English Bible Updated.html
P,"Portuguese",Full Bible,"Bíblia Portuguesa Mundial",porbrbsl,P/Portuguese/Full Bible — Bíblia Portuguesa Mundial.html
S,"Spanish",Full Bible,"Santa Biblia libre Latinoamericano",spabll,S/Spanish/Full Bible — Santa Biblia libre Latinoamericano.html
S,"Spanish",Full Bible,"Santa Biblia libre para el mundo",spablm,S/Spanish/Full Bible — Santa Biblia libre para el mundo.html
E,"English",Full Bible,"American Standard Version Byzantine Text",engasvbt,E/English/Full Bible — American Standard Version Byzantine Text.html
C,"Chin, Matu",Full Bible,"Baibal Olcim",hltmcsb,C/Chin, Matu/Full Bible — Baibal Olcim.html
E,"English",Full Bible,"Revised Version with Apocrypha (1895)",eng-rv,E/English/Full Bible — Revised Version with Apocrypha (1895).html
E,"English",Full Bible,"King James Version + Apocrypha",eng-kjv,E/English/Full Bible — King James Version + Apocrypha.html
E,"English",Full Bible,"KJV Cambridge Paragraph Bible",engkjvcpb,E/English/Full Bible — KJV Cambridge Paragraph Bible.html
E,"English",Full Bible,"Wycliffe's Bible with Modern Spelling",engwyc2017,E/English/Full Bible — Wycliffe's Bible with Modern Spelling.html
E,"English",Full Bible,"Wycliffe's Bible with Modern Spelling (Enhanced)",engwyc2018,E/English/Full Bible — Wycliffe's Bible with Modern Spelling (Enhanced).html
E,"English",Full Bible,"Douay-Rheims 1899",engDRA,E/English/Full Bible — Douay-Rheims 1899.html
L,"Latin",Full Bible,"Bibbia Vulgata Clementina na 1598",latVUC,L/Latin/Full Bible — Bibbia Vulgata Clementina na 1598.html
F,"French",Full Bible,"Sainte Bible néo-Crampon Libre",francl,F/French/Full Bible — Sainte Bible néo-Crampon Libre.html
S,"Shi",Full Bible,"BIBLIYA NTAGATIFU OMU MASHI",shr,S/Shi/Full Bible — BIBLIYA NTAGATIFU OMU MASHI.html
C,"Croatian",New Testament,"Sveta Biblija",hrv,C/Croatian/New Testament — Sveta Biblija.html
E,"English",New Testament,"World English Bible (Catholic)",eng-web-c,E/English/New Testament — World English Bible (Catholic).html
D,"Dutch",New Testament,"De Heilige Schrift, Petrus Canisiusvertaling, 1939",nld1939,D/Dutch/New Testament — De Heilige Schrift, Petrus Canisiusvertaling, 1939.html
M,"Melanesian Pidgin",Full Bible,"Buk Baibel long Tok Pisin",tpi,M/Melanesian Pidgin/Full Bible — Buk Baibel long Tok Pisin.html
H,"Huli",Full Bible,"Habo nalolene bi gahenge lo winigo ogo",hui,H/Huli/Full Bible — Habo nalolene bi gahenge lo winigo ogo.html
P,"Pohnpeian",Full Bible,"Pohnpeian Bible with Apocrypha",pon2006a,P/Pohnpeian/Full Bible — Pohnpeian Bible with Apocrypha.html
D,"Dutch",Full Bible,"NBG-vertaling 1951",nldnbg,D/Dutch/Full Bible — NBG-vertaling 1951.html
C,"Czech",Full Bible,"Bible Kralická 1613",ces1613,C/Czech/Full Bible — Bible Kralická 1613.html
T,"Tarifit",Full Bible,"أَذْلِيسْ إِقدّْسنْ",rifa,T/Tarifit/Full Bible — أَذْلِيسْ إِقدّْسنْ.html
T,"Tarifit",Full Bible,"Adlis Iqeddsen",rifl,T/Tarifit/Full Bible — Adlis Iqeddsen.html
T,"Tarifit",Full Bible,"ⴰⴷⵍⵉⵙ ⵉⵇⴻⴷⴷⵙⴻⵏ",rift,T/Tarifit/Full Bible — ⴰⴷⵍⵉⵙ ⵉⵇⴻⴷⴷⵙⴻⵏ.html
B,"Belarusian",Full Bible,"Біблія (пераклад А.Бокуна)",bel,B/Belarusian/Full Bible — Біблія (пераклад А.Бокуна).html
F,"French",Full Bible,"Louis Segond 1910",fraLSG,F/French/Full Bible — Louis Segond 1910.html
F,"French",Full Bible,"Bible J.N. Darby",frajnd,F/French/Full Bible — Bible J.N. Darby.html
T,"Toma",Full Bible,"GALA Daawoo Zɛʋɛi",tod,T/Toma/Full Bible — GALA Daawoo Zɛʋɛi.html
L,"Lingála",Full Bible,"Biblica® Salela na bonsomi Mokanda na Bomoi",lin,L/Lingála/Full Bible — Biblica® Salela na bonsomi Mokanda na Bomoi.html
R,"Russian",Full Bible,"Синодальный перевод",russyn,R/Russian/Full Bible — Синодальный перевод.html
D,"Danish",Full Bible,"Hellig Bibel",dan1931,D/Danish/Full Bible — Hellig Bibel.html
Y,"Yalunka",Full Bible,"Kisin Kiraan Kitabuna",yal,Y/Yalunka/Full Bible — Kisin Kiraan Kitabuna.html
E,"English",Full Bible,"The Orthodox Jewish Bible",engojb,E/English/Full Bible — The Orthodox Jewish Bible.html
G,"German",Full Bible,"Elberfelder Übersetzung (Version von bibelkommentare.de)",deuelbbk,G/German/Full Bible — Elberfelder Übersetzung (Version von bibelkommentare.de).html
K,"Kituba",Full Bible,"Mambu ya Nzambi",mkw,K/Kituba/Full Bible — Mambu ya Nzambi.html
S,"Swedish",Full Bible,"Svenska Kärnbibeln - en expanderad översättning",swe,S/Swedish/Full Bible — Svenska Kärnbibeln - en expanderad översättning.html
G,"German, Standard",Full Bible,"Textbibel von Kautzsch und Weizsäcker",deutkw,G/German, Standard/Full Bible — Textbibel von Kautzsch und Weizsäcker.html
S,"Susu",Full Bible,"Soso Kitaabuie: Tawureta, Yabura, Inyila",sus,S/Susu/Full Bible — Soso Kitaabuie Tawureta, Yabura, Inyila.html
S,"Susu",Full Bible,"Ala xa Kitaabui Sosoe bɛ",susa,S/Susu/Full Bible — Ala xa Kitaabui Sosoe bɛ.html
S,"Swedish",Full Bible,"Svenska Folkbibeln",swef,S/Swedish/Full Bible — Svenska Folkbibeln.html
W,"Wolof",Full Bible,"Kàddug Yàlla",wolmbs,W/Wolof/Full Bible — Kàddug Yàlla.html
S,"Serbian",Full Bible,"Sveto Pismo ili Biblija",srp1865,S/Serbian/Full Bible — Sveto Pismo ili Biblija.html
S,"Serbian",Full Bible,"Свето писмо или Библија Превод Даничић-Караџић",srp1868,S/Serbian/Full Bible — Свето писмо или Библија Превод Даничић-Караџић.html
F,"French",Full Bible,"La Sainte Bible",fra_fob,F/French/Full Bible — La Sainte Bible.html
P,"Português",Full Bible,"Biblica® Open Nova Bíblia Viva 2007",poronbv,P/Português/Full Bible — Biblica® Open Nova Bíblia Viva 2007.html
A,"Arabic",Full Bible,"الكتاب المقدس باللغة العربية، فان دايك",arb-vd,A/Arabic/Full Bible — الكتاب المقدس باللغة العربية، فان دايك.html
C,"Chichewa",Full Bible,"Biblica® Tsekulani Mawu a Mulungu mu Chichewa Chalero",nya,C/Chichewa/Full Bible — Biblica® Tsekulani Mawu a Mulungu mu Chichewa Chalero.html
C,"Chin, Matu",Full Bible,"Baibal Olcim",hlt,C/Chin, Matu/Full Bible — Baibal Olcim (hlt).html
C,"Chin, Thaiphum",Full Bible,"Thai Phum Holy Bible",cth,C/Chin, Thaiphum/Full Bible — Thai Phum Holy Bible.html
E,"English",Full Bible,"Free Bible Version",engfbv,E/English/Full Bible — Free Bible Version.html
E,"English",Full Bible,"Literal Standard Version",englsv,E/English/Full Bible — Literal Standard Version.html
G,"Gujarati",Full Bible,"ઇન્ડિયન રીવાઇઝ્ડ વર્ઝન ગુજરાતી - 2019",guj2017,G/Gujarati/Full Bible — ઇન્ડિયન રીવાઇઝ્ડ વર્ઝન ગુજરાતી - 2019.html
H,"Hindi",Full Bible,"इंडियन रिवाइज्ड वर्जन (IRV) हिंदी - 2019",hin2017,H/Hindi/Full Bible — इंडियन रिवाइज्ड वर्जन (IRV) हिंदी - 2019.html
L,"Luganda",Full Bible,"Biblica® Bayibuli Entukuvu, Endagaano Enkadde nʼEndagaano Empya ekwatiddwa ku katambi™",lug,L/Luganda/Full Bible — Biblica® Bayibuli Entukuvu, Endagaano Enkadde nʼEndagaano Empya ekwatiddwa ku katambi™.html
O,"Oriya",Full Bible,"ଇଣ୍ଡିୟାନ ରିୱାଇସ୍ଡ୍ ୱରସନ୍ ଓଡିଆ",ory,O/Oriya/Full Bible — ଇଣ୍ଡିୟାନ ରିୱାଇସ୍ଡ୍ ୱରସନ୍ ଓଡିଆ.html
P,"Panjabi, Eastern",Full Bible,"ਇੰਡਿਅਨ ਰਿਵਾਇਜ਼ਡ ਵਰਜ਼ਨ (IRV) - ਪੰਜਾਬੀ",pan,P/Panjabi, Eastern/Full Bible — ਇੰਡਿਅਨ ਰਿਵਾਇਜ਼ਡ ਵਰਜ਼ਨ (IRV) - ਪੰਜਾਬੀ.html
S,"Sunwar",Full Bible,"परमप्रभु यावे आ लोव़",suzBl,S/Sunwar/Full Bible — परमप्रभु यावे आ लोव़.html
U,"Urdu",Full Bible,"इंडियन रिवाइज्ड वर्जन (IRV) उर्दू - 2019",urd,U/Urdu/Full Bible — इंडियन रिवाइज्ड वर्जन (IRV) उर्दू - 2019.html
A,"Arabic, Standard",Full Bible,"Ketab El Hayat Majani/كتاب الحياة مجانى",arbnav,A/Arabic, Standard/Full Bible — Ketab El Hayat Majani كتاب الحياة مجانى.html
C,"Cebuano",Full Bible,"Balaan nga Bibliya",cebulb,C/Cebuano/Full Bible — Balaan nga Bibliya.html
C,"Central Kurdish",Full Bible,"Biblica® وەشانی بێبەرامبەری کوردیی سۆرانیی ستاندەر",ckb,C/Central Kurdish/Full Bible — Biblica® وەشانی بێبەرامبەری کوردیی سۆرانیی ستاندەر.html
C,"Chhattisgarhi",Full Bible,"Biblica® सुतंतर समकालीन छत्तीसगढ़ी अनुवाद",hne,C/Chhattisgarhi/Full Bible — Biblica® सुतंतर समकालीन छत्तीसगढ़ी अनुवाद.html
D,"Dholuo",Full Bible,"Biblica® Ochiw Thuolo Motingʼo Loko Manyien™",luo,D/Dholuo/Full Bible — Biblica® Ochiw Thuolo Motingʼo Loko Manyien™.html
E,"English",Full Bible,"World English Bible",engwebp,E/English/Full Bible — World English Bible.html
E,"English",Full Bible,"World English Bible British Edition",engwebpb,E/English/Full Bible — World English Bible British Edition.html
E,"English",Full Bible,"World Messianic Bible",engwmb,E/English/Full Bible — World Messianic Bible.html
E,"English",Full Bible,"World Messianic Bible British Edition",engwmbb,E/English/Full Bible — World Messianic Bible British Edition.html
H,"Haitian",Full Bible,"Bib Sen An",hatbsa,H/Haitian/Full Bible — Bib Sen An.html
I,"Igbo",Full Bible,"Biblica® Baịbụlụ Nsọ nʼIgbo Ndị Ugbu a nke dịrị onye ọbụla ịgụ",ibo,I/Igbo/Full Bible — Biblica® Baịbụlụ Nsọ nʼIgbo Ndị Ugbu a nke dịrị onye ọbụla ịgụ.html
J,"Japanese",Full Bible,"フリーダム・バイブル",jpnm,J/Japanese/Full Bible — フリーダム・バイブル.html
M,"Māori",Full Bible,"Paipera Tapu 2012",mri2012,M/Māori/Full Bible — Paipera Tapu 2012.html
N,"Ndebele",Full Bible,"Biblica® IBhayibhili Elingcwele LesiNdebele Elifinyelelekayo",nde,N/Ndebele/Full Bible — Biblica® IBhayibhili Elingcwele LesiNdebele Elifinyelelekayo.html
S,"Somali",Full Bible,"Kitaabka Quduuska Ah",som,S/Somali/Full Bible — Kitaabka Quduuska Ah.html
S,"Swahili",Full Bible,"Biblica® Toleo Wazi Neno: Bibilia Takatifu™",swhonen,S/Swahili/Full Bible — Biblica® Toleo Wazi Neno Bibilia Takatifu™.html
S,"Swahili",Full Bible,"Biblica® Toleo Wazi Neno: Maandiko Matakatifu",swhonmm,S/Swahili/Full Bible — Biblica® Toleo Wazi Neno Maandiko Matakatifu.html
T,"Tagalog",Full Bible,"banal na Bibliya",tglulb,T/Tagalog/Full Bible — banal na Bibliya.html
T,"Tamil",Full Bible,"இண்டியன் ரிவைஸ்டு வெர்ஸன் (IRV) - தமிழ்",tam2017,T/Tamil/Full Bible — இண்டியன் ரிவைஸ்டு வெர்ஸன் (IRV) - தமிழ்.html
C,"chiShona",Full Bible,"Biblica® Bhaibheri Dzvene Rakasununguka MuChiShona Chanhasi 2017",sna,C/chiShona/Full Bible — Biblica® Bhaibheri Dzvene Rakasununguka MuChiShona Chanhasi 2017.html
E,"eʋegbe",Full Bible,"Biblica® Se aɖeke mebla Biblia zazã o Agbenya La™",ewe,E/eʋegbe/Full Bible — Biblica® Se aɖeke mebla Biblia zazã o Agbenya La™.html
B,"Burmese",Full Bible,"မြန်မာကျမ်းစာ",myajvb,B/Burmese/Full Bible — မြန်မာကျမ်းစာ.html
D,"Dutch",Full Bible,"De Heilige Schrift 1917",nld,D/Dutch/Full Bible — De Heilige Schrift 1917.html
E,"English",Full Bible,"American Standard Version (1901)",eng-asv,E/English/Full Bible — American Standard Version (1901).html
E,"English",Full Bible,"King James (Authorized) Version",eng-kjv2006,E/English/Full Bible — King James (Authorized) Version.html
E,"English",Full Bible,"Bible in Basic English",engBBE,E/English/Full Bible — Bible in Basic English.html
E,"English",Full Bible,"Majority Standard Bible",engmsb,E/English/Full Bible — Majority Standard Bible.html
E,"English",Full Bible,"NET Bible",engnet,E/English/Full Bible — NET Bible.html
E,"English",Full Bible,"Noah Webster Bible",engwebster,E/English/Full Bible — Noah Webster Bible.html
E,"English",Full Bible,"Young's Literal Translation",engylt,E/English/Full Bible — Young's Literal Translation.html
E,"Esperanto",Full Bible,"Londona Biblio",epo,E/Esperanto/Full Bible — Londona Biblio.html
G,"German, Standard",Full Bible,"Lutherbibel 1912",deu1912,G/German, Standard/Full Bible — Lutherbibel 1912.html
G,"German, Standard",Full Bible,"Die Schlachter-Bibel 1951",deu1951,G/German, Standard/Full Bible — Die Schlachter-Bibel 1951.html
G,"German, Standard",Full Bible,"Darby Unrevidierte Elberfelder",deuelo,G/German, Standard/Full Bible — Darby Unrevidierte Elberfelder.html
H,"Haitian",Full Bible,"Bib La",hat,H/Haitian/Full Bible — Bib La.html
H,"Hawaiian",Full Bible,"Baibala Hemolele",haw1868,H/Hawaiian/Full Bible — Baibala Hemolele.html
H,"Hebrew",Full Bible,"תנ ך עברי מודרני",heb,H/Hebrew/Full Bible — תנ ך עברי מודרני.html
I,"Ilocano",Full Bible,"Ti Biblia",iloulb,I/Ilocano/Full Bible — Ti Biblia.html
I,"Indonesian",Full Bible,"Alkitab Yang Terbuka",indayt,I/Indonesian/Full Bible — Alkitab Yang Terbuka.html
I,"Italian",Full Bible,"Riveduta Bibbia 1927",ita1927,I/Italian/Full Bible — Riveduta Bibbia 1927.html
M,"Malayalam",Full Bible,"ഇന്ത്യൻ റിവൈസ്ഡ് വേർഷൻ (IRV) - മലയാളം",mal,M/Malayalam/Full Bible — ഇന്ത്യൻ റിവൈസ്ഡ് വേർഷൻ (IRV) - മലയാളം.html
N,"Nepali",Full Bible,"पवित्र बाइबल",npiulb,N/Nepali/Full Bible — पवित्र बाइबल.html
O,"Oromo, West Central",Full Bible,"Kitaaba Qulqulluu, Biblica® Hiikkaa Ammayyaa Banamaa Haaraa, Loqoda Dhiʼaa",gaz,O/Oromo, West Central/Full Bible — Kitaaba Qulqulluu, Biblica® Hiikkaa Ammayyaa Banamaa Haaraa, Loqoda Dhiʼaa.html
O,"Oromo, West Central",Full Bible,"ክታበ ቁልቁሉ, Biblica® ሂካ አመያ በነማ ሃራ, ሎቆደ ዽኣ",gaze,O/Oromo, West Central/Full Bible — ክታበ ቁልቁሉ, Biblica® ሂካ አመያ በነማ ሃራ, ሎቆደ ዽኣ.html
P,"Polish",Full Bible,"Święta Biblia",polubg,P/Polish/Full Bible — Święta Biblia.html
P,"Portuguese",Full Bible,"Bíblia Livre",porbr2018,P/Portuguese/Full Bible — Bíblia Livre.html
R,"Romanian",Full Bible,"Biblia Traducerea Fidela",ronbtf,R/Romanian/Full Bible — Biblia Traducerea Fidela.html
S,"Serbian",Full Bible,"Biblica® Нови српски превод, слободна права",srponspc,S/Serbian/Full Bible — Biblica® Нови српски превод, слободна права.html
S,"Serbian",Full Bible,"Biblica® Novi srpski prevod, slobodna prava",srponstl,S/Serbian/Full Bible — Biblica® Novi srpski prevod, slobodna prava.html
S,"Spanish",Full Bible,"Santa Biblia — Reina Valera 1909",spaRV1909,S/Spanish/Full Bible — Santa Biblia — Reina Valera 1909.html
S,"Spanish",Full Bible,"La Biblia en Español Sencillo",spabes,S/Spanish/Full Bible — La Biblia en Español Sencillo.html
S,"Spanish",Full Bible,"Santa Biblia Reina Valera Gómez",sparvg,S/Spanish/Full Bible — Santa Biblia Reina Valera Gómez.html
S,"Spanish",Full Bible,"Versión Biblia Libre",spavbl,S/Spanish/Full Bible — Versión Biblia Libre.html
T,"Tamil",Full Bible,"Biblica® திறந்தநிலை தமிழ் சமகால பதிப்பு",tamtcv,T/Tamil/Full Bible — Biblica® திறந்தநிலை தமிழ் சமகால பதிப்பு.html
T,"Thai",Full Bible,"พระคัมภีร์ภาษาไทยฉบับ KJV",thaKJV,T/Thai/Full Bible — พระคัมภีร์ภาษาไทยฉบับ KJV.html
T,"Tongan",Full Bible,"KO E TOHI TAPU KĀTOA",ton,T/Tongan/Full Bible — KO E TOHI TAPU KĀTOA.html
V,"Vietnamese",Full Bible,"Kinh Thánh",vie1934,V/Vietnamese/Full Bible — Kinh Thánh.html
G,"Gikuyu",Full Bible,"Biblica® Kiugo Gĩtheru Kĩa Ngai Kĩhingũre",kik,G/Gikuyu/Full Bible — Biblica® Kiugo Gĩtheru Kĩa Ngai Kĩhingũre.html
G,"Guaraní, Mbyá",Full Bible,"Nhanderuete ayvu iky'a e'ỹ va'e",gun,G/Guaraní, Mbyá/Full Bible — Nhanderuete ayvu iky'a e'ỹ va'e.html
S,"Swahili",Full Bible,"Biblia Takatifu",swhulb,S/Swahili/Full Bible — Biblia Takatifu.html
B,"Bengali",Full Bible,"Biblica® মুক্তভাবে বাংলা সমকালীন সংস্করণের",benobcv,B/Bengali/Full Bible — Biblica® মুক্তভাবে বাংলা সমকালীন সংস্করণের.html
S,"San Blas Kuna",Full Bible,"Bab-Dummad-Garda-Islidikid",cuk,S/San Blas Kuna/Full Bible — Bab-Dummad-Garda-Islidikid.html
T,"Twi",Full Bible,"Biblica® Wonhia ɛho kwamma nhoma Akuapem Twi Nkwa Asɛm",twi,T/Twi/Full Bible — Biblica® Wonhia ɛho kwamma nhoma Akuapem Twi Nkwa Asɛm.html
T,"Twi",Full Bible,"Biblica® Wɔnhia ɛho kwamma nwoma Asante Twi Nkwa Asɛm",twiasante,T/Twi/Full Bible — Biblica® Wɔnhia ɛho kwamma nwoma Asante Twi Nkwa Asɛm.html
E,"English",Full Bible,"Darby Translation",engDBY,E/English/Full Bible — Darby Translation.html
#,"اردو",Full Bible,"Biblica® آزادانہ اردو ہم عصر ترجمہ",urdoucv,#/اردو/Full Bible — Biblica® آزادانہ اردو ہم عصر ترجمہ.html
C,"Chuukese",Full Bible,"Paipel",chk,C/Chuukese/Full Bible — Paipel.html
M,"Malayalam",Full Bible,"മലയാളം സത്യവേദപുസ്തകം 1910 - പരിഷ്കരിച്ച പതിപ്പ്, സമകാലിക ലിപിയിൽ",mal2015,M/Malayalam/Full Bible — മലയാളം സത്യവേദപുസ്തകം 1910 - പരിഷ്കരിച്ച പതിപ്പ്, സമകാലിക ലിപിയിൽ.html
B,"Bengali",Full Bible,"ইন্ডিয়ান রিভাইজড ভার্সন (IRV) - বেঙ্গলী",benirv,B/Bengali/Full Bible — ইন্ডিয়ান রিভাইজড ভার্সন (IRV) - বেঙ্গলী.html
C,"Chinese, Mandarin",Full Bible,"世界中文圣经",cmnswcb,C/Chinese, Mandarin/Full Bible — 世界中文圣经.html
T,"Tiếng Việt",Full Bible,"Biblica® Thiên Ban Kinh Thánh Hiện Đại™",vieovcb,T/Tiếng Việt/Full Bible — Biblica® Thiên Ban Kinh Thánh Hiện Đại™.html
I,"Italian",Full Bible,"Diodati Bibbia 1885",ita1885,I/Italian/Full Bible — Diodati Bibbia 1885.html
K,"Kauana",Full Bible,"A BUK TABU A MAULANA KUNUBU ma A KALAMANA KUNUBU",ksd,K/Kauana/Full Bible — A BUK TABU A MAULANA KUNUBU ma A KALAMANA KUNUBU.html
E,"English",Full Bible,"Unlocked Literal Bible",engULB,E/English/Full Bible — Unlocked Literal Bible.html
#,"नेपाली",Full Bible,"Biblica® नेपाली समकालीन सर्वसुलभ संस्करण",npioncb,#/नेपाली/Full Bible — Biblica® नेपाली समकालीन सर्वसुलभ संस्करण.html
A,"Assamese",Full Bible,"ইণ্ডিয়ান ৰিভাইচ ভাৰচন (IRV) আচামিচ - 2019",asmfb,A/Assamese/Full Bible — ইণ্ডিয়ান ৰিভাইচ ভাৰচন (IRV) আচামিচ - 2019.html
K,"Kamano",Full Bible,"Anumzamofo Ruotage Avontafere",kbq,K/Kamano/Full Bible — Anumzamofo Ruotage Avontafere.html
S,"Spanish",Full Bible,"Santa Biblia Valera 1602 Purificada",spav1602p,S/Spanish/Full Bible — Santa Biblia Valera 1602 Purificada.html
E,"English",Full Bible,"Geneva Bible 1599",enggnv,E/English/Full Bible — Geneva Bible 1599.html
K,"Kannada",Full Bible,"Biblica® ಉಚಿತ ಕನ್ನಡ ಸಮಕಾಲಿಕ ಭಾಷಾಂತರ",kanokcv,K/Kannada/Full Bible — Biblica® ಉಚಿತ ಕನ್ನಡ ಸಮಕಾಲಿಕ ಭಾಷಾಂತರ.html
P,"Persian",Full Bible,"ترجمه قدیم",pesOPV,P/Persian/Full Bible — ترجمه قدیم.html
M,"Motu",Full Bible,"Buk Baibel long tokples Motu",meu,M/Motu/Full Bible — Buk Baibel long tokples Motu.html
R,"Romani, Carpathian",Full Bible,"Le Devleskero Lav Andre Romaňi Čhib, Slovensko 2022",rmc,R/Romani, Carpathian/Full Bible — Le Devleskero Lav Andre Romaňi Čhib, Slovensko 2022.html
H,"Hausa",Full Bible,"Biblica® Buɗaɗɗen Littafi Mai Tsarki, Sabon Rai Don Kowa™",hausa,H/Hausa/Full Bible — Biblica® Buɗaɗɗen Littafi Mai Tsarki, Sabon Rai Don Kowa™.html
H,"Hindi",Full Bible,"Biblica® हिंदी समकालीन संस्करण-स्वतंत्र उपलब्धि",hincv,H/Hindi/Full Bible — Biblica® हिंदी समकालीन संस्करण-स्वतंत्र उपलब्धि.html
M,"Marathi",Full Bible,"इंडियन रीवाइज्ड वर्जन (IRV) - मराठी",mar,M/Marathi/Full Bible — इंडियन रीवाइज्ड वर्जन (IRV) - मराठी.html
Y,"Yorùbá",Full Bible,"Biblica® ní oore ọ̀fẹ́ láti lo Bíbélì Mímọ́ ní Èdè Yorùbá Òde-Òní",yor,Y/Yorùbá/Full Bible — Biblica® ní oore ọ̀fẹ́ láti lo Bíbélì Mímọ́ ní Èdè Yorùbá Òde-Òní.html
E,"English",Full Bible,"Berean Standard Bible",engbsb,E/English/Full Bible — Berean Standard Bible.html
U,"Ukrainian",Full Bible,"Біблія в пер. П.Куліша та І.Пулюя, 1905",ukr1871,U/Ukrainian/Full Bible — Біблія в пер. П.Куліша та І.Пулюя, 1905.html
U,"Ukrainian",Full Bible,"Біблія",ukr1996,U/Ukrainian/Full Bible — Біблія.html
U,"Ukrainian",Full Bible,"Біблія свободи",ukrfb,U/Ukrainian/Full Bible — Біблія свободи.html
M,"Malagasy, Tandroy-Mahafaly",Full Bible,"Saontsin’ Añahare",tdx,M/Malagasy, Tandroy-Mahafaly/Full Bible — Saontsin’ Añahare.html
S,"Spanish",Full Bible,"Palabra de Dios para ti",spapddpt,S/Spanish/Full Bible — Palabra de Dios para ti.html
#,"मराठी",Full Bible,"Biblica® मराठी समकालीन स्वतंत्र संस्करण",marc,#/मराठी/Full Bible — Biblica® मराठी समकालीन स्वतंत्र संस्करण.html
C,"Chin, Eastern Khumi",Full Bible,"Asang Khongca Bible (2019)",cekak,C/Chin, Eastern Khumi/Full Bible — Asang Khongca Bible (2019).html
A,"Azerbaijani, South",Full Bible,"Azərbaycan dilində Müqəddəs Kitab",azb,A/Azerbaijani, South/Full Bible — Azərbaycan dilində Müqəddəs Kitab.html
H,"Huichol",Full Bible,"KAKAƗYARI NIUKIEYA XAPAYARI WIXARIKAKƗ",hch,H/Huichol/Full Bible — KAKAƗYARI NIUKIEYA XAPAYARI WIXARIKAKƗ.html
G,"gujii",Full Bible,"Kitaaba Woyyuu",gax,G/gujii/Full Bible — Kitaaba Woyyuu.html
T,"Turkish",Full Bible,"Yorumsuz Türkçe Çeviri (YTC)",turytc,T/Turkish/Full Bible — Yorumsuz Türkçe Çeviri (YTC).html
C,"Chin, Thado",Full Bible,"PATHEN LEKHABU THENG",tczchongthu,C/Chin, Thado/Full Bible — PATHEN LEKHABU THENG.html
T,"Tibetan",Full Bible,"དམ་པའི་གསུང་རབ་བོད་འགྱུར་གསར་མ།",bodn,T/Tibetan/Full Bible — དམ་པའི་གསུང་རབ་བོད་འགྱུར་གསར་མ།.html
R,"Romanian",Full Bible,"Библия Думитру Корнилеску 1924 (БДК)",ron1924,R/Romanian/Full Bible — Библия Думитру Корнилеску 1924 (БДК).html
K,"Kannada",Full Bible,"ಇಂಡಿಯನ್ ರಿವೈಜ್ಡ್ ವರ್ಸನ್ (IRV) - ಕನ್ನಡ - 2019",kanirv,K/Kannada/Full Bible — ಇಂಡಿಯನ್ ರಿವೈಜ್ಡ್ ವರ್ಸನ್ (IRV) - ಕನ್ನಡ - 2019.html
C,"Chinese",Full Bible,"新标点和合本",cmn-cu89s,C/Chinese/Full Bible — 新标点和合本.html
C,"Chinese",Full Bible,"新標點和合本",cmn-cu89t,C/Chinese/Full Bible — 新標點和合本.html
T,"Telugu",Full Bible,"ఇండియన్ రివైజ్డ్ వెర్షన్ (IRV) - తెలుగు -2019",tel2017,T/Telugu/Full Bible — ఇండియన్ రివైజ్డ్ వెర్షన్ (IRV) - తెలుగు -2019.html
K,"Korean",Full Bible,"한국어 성경",kor,K/Korean/Full Bible — 한국어 성경.html
B,"Boko",Full Bible,"Bibeli Luayãtaalá",bqcsim,B/Boko/Full Bible — Bibeli Luayãtaalá.html
G,"Gofa",Full Bible,"Geeshsha Maxaafa",gofl,G/Gofa/Full Bible — Geeshsha Maxaafa.html
G,"Goofa",Full Bible,"ጌሻ ማፃፋ",gofe,G/Goofa/Full Bible — ጌሻ ማፃፋ.html
M,"Mandarin Chinese",Full Bible,"Biblica® 圣经当代译本开放资源",cmncbs,M/Mandarin Chinese/Full Bible — Biblica® 圣经当代译本开放资源.html
M,"Mandarin Chinese",Full Bible,"Biblica® 聖經，當代譯本開放資源",cmncbt,M/Mandarin Chinese/Full Bible — Biblica® 聖經，當代譯本開放資源.html
K,"Kosraean",Full Bible,"BIBLE MUTAL",kos,K/Kosraean/Full Bible — BIBLE MUTAL.html
#,"മലയാളം",Full Bible,"Biblica® സ്വതന്ത്രം സമകാലിക മലയാളവിവർത്തനം",malc,#/മലയാളം/Full Bible — Biblica® സ്വതന്ത്രം സമകാലിക മലയാളവിവർത്തനം.html
T,"Telugu",Full Bible,"Biblica® ఉచిత తెలుగు సమకాలీన అనువాదం",telotsa,T/Telugu/Full Bible — Biblica® ఉచిత తెలుగు సమకాలీన అనువాదం.html
G,"Gamo",Full Bible,"ጌሻ ማጻፋ",gmve,G/Gamo/Full Bible — ጌሻ ማጻፋ.html
G,"Gamo",Full Bible,"Geeshsha Mexaafa",gmvl,G/Gamo/Full Bible — Geeshsha Mexaafa.html
M,"Motu, Hiri",Full Bible,"Buka Helaga",hmo,M/Motu, Hiri/Full Bible — Buka Helaga.html
D,"Ditammari",Full Bible,"Bibiri Kuyie Nnɑ́ɑǹtì Pɑ́tíri",tbzsim,D/Ditammari/Full Bible — Bibiri Kuyie Nnɑ́ɑǹtì Pɑ́tíri.html
Q,"Quechua, Huallaga Huánuco",Full Bible,"Tayta Diosninchi Isquirbichishan",qub,Q/Quechua, Huallaga Huánuco/Full Bible — Tayta Diosninchi Isquirbichishan.html
U,"Uyghur",Full Bible,"مۇقېددېس كالام (يەنگى يېزىق)",uigara,U/Uyghur/Full Bible — مۇقېددېس كالام (يەنگى يېزىق).html
U,"Uyghur",Full Bible,"Муқеддес Калам (кирил йезиқ)",uigcyr,U/Uyghur/Full Bible — Муқеддес Калам (кирил йезиқ).html
U,"Uyghur",Full Bible,"Muqeddes Kalam (latin yéziq)",uiglat,U/Uyghur/Full Bible — Muqeddes Kalam (latin yéziq).html
U,"Uyghur",Full Bible,"Muⱪeddes Kalam (yǝngi yeziⱪ)",uigpin,U/Uyghur/Full Bible — Muⱪeddes Kalam (yǝngi yeziⱪ).html
D,"Dawro",Full Bible,"ጌሻ ማጻፋ",dwrENT,D/Dawro/Full Bible — ጌሻ ማጻፋ.html
D,"Dawro",Full Bible,"Geeshsha Mas'aafaa",dwrl,D/Dawro/Full Bible — Geeshsha Mas'aafaa.html
N,"Nahuatl, Huasteca Central",Full Bible,"Icamanal toteco; Santa Biblia",nchBl,N/Nahuatl, Huasteca Central/Full Bible — Icamanal toteco; Santa Biblia.html
N,"Nahuatl, Huasteca Occidental",Full Bible,"Icamanal toteco; Santa Bíblia",nhwBl,N/Nahuatl, Huasteca Occidental/Full Bible — Icamanal toteco; Santa Bíblia.html
N,"Nahuatl, Huasteca Oriental",Full Bible,"Itlajtol toteco: Santa Biblia",nheBl,N/Nahuatl, Huasteca Oriental/Full Bible — Itlajtol toteco Santa Biblia.html
U,"Urdu",Full Bible,"किताबे-मुक़द्दस",urdgvh,U/Urdu/Full Bible — किताबे-मुक़द्दस.html
U,"Urdu",Full Bible,"Kitab-i Muqaddas",urdgvr,U/Urdu/Full Bible — Kitab-i Muqaddas.html
U,"Urdu",Full Bible,"کتابِ مقدّس",urdgvu,U/Urdu/Full Bible — کتابِ مقدّس.html
E,"English",Full Bible,"Translation for Translators",eng-t4t,E/English/Full Bible — Translation for Translators.html
B,"Baatonum",Full Bible,"Bibeli Gusunɔn Gari",bba,B/Baatonum/Full Bible — Bibeli Gusunɔn Gari.html
C,"Cebuano",Full Bible,"Biblica® Open Ang Pulong sa Dios",cebocb,C/Cebuano/Full Bible — Biblica® Open Ang Pulong sa Dios.html
K,"Kankanaey",New Testament,"Kankanaey Bible",kne,K/Kankanaey/New Testament — Kankanaey Bible.html
M,"Male",Full Bible,"ጌኤዦ ማፃኣፖ",mdyeth,M/Male/Full Bible — ጌኤዦ ማፃኣፖ.html
M,"Melanesian Pidgin",Full Bible,"Buk Baibel long Tok Pisin",tpiOTNT,M/Melanesian Pidgin/Full Bible — Buk Baibel long Tok Pisin (tpiOTNT).html
R,"Roviana",Full Bible,"Buka Hope",rug,R/Roviana/Full Bible — Buka Hope.html
I,"Ilonggo",Full Bible,"Biblica® Libre Ang Pulong Sang Dios",hil,I/Ilonggo/Full Bible — Biblica® Libre Ang Pulong Sang Dios.html
Y,"Yapese",Full Bible,"Bible Ni Thothup",yap,Y/Yapese/Full Bible — Bible Ni Thothup.html
D,"Dadibi",Full Bible,"Godigo dwagi yai po buku",mps,D/Dadibi/Full Bible — Godigo dwagi yai po buku.html
K,"Kapingamarangi",Full Bible,"Beebaa Dabu",kpg,K/Kapingamarangi/Full Bible — Beebaa Dabu.html
P,"Pohnpeian",Full Bible,"Pohnpeian Bible",pon2006,P/Pohnpeian/Full Bible — Pohnpeian Bible.html
G,"Guajajára",Full Bible,"Tupàn ze'eg",gubBl,G/Guajajára/Full Bible — Tupàn ze'eg.html
K,"Kilivila",Full Bible,"Buki Pilabumaboma Kabutubogwa Deli Kabutuvau",kij,K/Kilivila/Full Bible — Buki Pilabumaboma Kabutubogwa Deli Kabutuvau.html
B,"Beami",Full Bible,"GODE EA SIA: IDA:IWANE GALA",beo,B/Beami/Full Bible — GODE EA SIA IDA IWANE GALA.html
C,"Chuj",Full Bible,"A Ch'an Biblia D'a Chuj San Mateo",cac,C/Chuj/Full Bible — A Ch'an Biblia D'a Chuj San Mateo.html
A,"Aruamu",Full Bible,"Godɨn Eghaghanim: Akar Gavgavir Dɨkɨrɨzir Ghurim ko Igiam",msy2020,A/Aruamu/Full Bible — Godɨn Eghaghanim Akar Gavgavir Dɨkɨrɨzir Ghurim ko Igiam.html
B,"Burmese",Full Bible,"Common Language Bible",mya,B/Burmese/Full Bible — Common Language Bible.html
I,"Iranian Persian",Full Bible,"Biblica® Open Persian Contemporary Bible 2022",pesopcb,I/Iranian Persian/Full Bible — Biblica® Open Persian Contemporary Bible 2022.html
K,"Kriol",Full Bible,"Holi Baibul",rop,K/Kriol/Full Bible — Holi Baibul.html
E,"Español",Full Bible,"Biblica® Open Nueva Biblia Viva 2008",spaonbv,E/Español/Full Bible — Biblica® Open Nueva Biblia Viva 2008.html
E,"English",Portions,"Brenton Septuagint Translation",eng-Brenton,E/English/Portions — Brenton Septuagint Translation.html
E,"English",Portions,"Updated Brenton English Septuagint",englxxup,E/English/Portions — Updated Brenton English Septuagint.html
G,"Greek, Ancient",Portions,"μετάφραση των εβδομήκοντα",grcbrent,G/Greek, Ancient/Portions — μετάφραση των εβδομήκοντα.html
E,"English",Portions,"LXX2012: Septuagint in American English 2012",eng-lxx2012,E/English/Portions — LXX2012 Septuagint in American English 2012.html
E,"English",Portions,"LXX2012: Septuagint in British/International English 2012",eng-uk-lxx2012,E/English/Portions — LXX2012 Septuagint in British International English 2012.html
G,"Greek, Ancient",Portions,"Η Παλαιά Διαθήκη κατά τη μετάφραση των εβδομήκοντα (Ο') | SEPTUAGINTA",grclxx,G/Greek, Ancient/Portions — Η Παλαιά Διαθήκη κατά τη μετάφραση των εβδομήκοντα (Ο') SEPTUAGINTA.html
W,"Wolaytta",Portions,"Wolaytta Bible",wal,W/Wolaytta/Portions — Wolaytta Bible.html
B,"Busa",New Testament,"Luda yã takada kũ Bisã yão",bqp,B/Busa/New Testament — Luda yã takada kũ Bisã yão.html
L,"Lukpa",Full Bible,"PIIPILI ƖSƆ TƆM TAKƎLAƔA",dop,L/Lukpa/Full Bible — PIIPILI ƖSƆ TƆM TAKƎLAƔA.html
H,"Hebrew",Portions,"כתבי הקודש",hbo,H/Hebrew/Portions — כתבי הקודש.html
H,"Hebrew",Portions,"כתבי הקודש",hboWLC,H/Hebrew/Portions — כתבי הקודש (hboWLC).html
#,"עברית",Portions,"Westminster Leningrad Codex",hebwlc,#/עברית/Portions — Westminster Leningrad Codex.html
E,"English",Portions,"JPS TaNaKH 1917",engjps,E/English/Portions — JPS TaNaKH 1917.html
E,"English",Portions,"Isaac Leeser Tanakh",englee,E/English/Portions — Isaac Leeser Tanakh.html
V,"Vidunda",New Testament,"Ilagano lya Katali, Ilagano Linyale kwa Wanhu Weng’ha",vid,V/Vidunda/New Testament — Ilagano lya Katali, Ilagano Linyale kwa Wanhu Weng’ha.html
M,"Manobo, Western Bukidnon",Portions,"Is Lalag te Megbevayà",mbbOT,M/Manobo, Western Bukidnon/Portions — Is Lalag te Megbevayà.html
I,"Indonesian",New Testament,"Alkitab Terjemahan Sederhana Indonesia, Edisi Ketiga",ind,I/Indonesian/New Testament — Alkitab Terjemahan Sederhana Indonesia, Edisi Ketiga.html
K,"Kutu",New Testament,"Biblia Kikutu",kdc,K/Kutu/New Testament — Biblia Kikutu.html
A,"Aguacateco",New Testament,"Yi Antiw Bible / Yi Ac'aj Testament",aguBl,A/Aguacateco/New Testament — Yi Antiw Bible Yi Ac'aj Testament.html
T,"Tairora",New Testament,"Kotira Uva",tbg,T/Tairora/New Testament — Kotira Uva.html
B,"Bokobaru",New Testament,"Luda yã takada kↄ̃n Bokobaru yão",bus,B/Bokobaru/New Testament — Luda yã takada kↄ̃n Bokobaru yão.html
C,"Cishingini",Portions,"Cishingini Agwara Kambari [asg]",asg,C/Cishingini/Portions — Cishingini Agwara Kambari [asg].html
E,"English",New Testament,"George Noyes Bible",engnoy,E/English/New Testament — George Noyes Bible.html
Y,"Yabem",Portions,"BIBOLO DABUŊ",jae,Y/Yabem/Portions — BIBOLO DABUŊ.html
K,"Kyaka Enga",New Testament,"BUKU BAEPOLE",kyc,K/Kyaka Enga/New Testament — BUKU BAEPOLE.html
A,"Aguaruna",New Testament,"Awajún [Aguaruna]",agr,A/Aguaruna/New Testament — Awajún [Aguaruna].html
M,"Mbula-Bwazza",Portions,"Mbula-Bwazza",mbu,M/Mbula-Bwazza/Portions — Mbula-Bwazza.html
E,"Ekajuk",Portions,"Ekajuk Scriptures Bible Portions",eka,E/Ekajuk/Portions — Ekajuk Scriptures Bible Portions.html
C,"Candoshi-Shapra",New Testament,"Candoshi-Shapra",cbuNT,C/Candoshi-Shapra/New Testament — Candoshi-Shapra.html
E,"English",Portions,"One Unity Resource Bible",engourb,E/English/Portions — One Unity Resource Bible.html
G,"Gela",New Testament,"Na Rongorongo Uto nina Jesus Christ",nlg,G/Gela/New Testament — Na Rongorongo Uto nina Jesus Christ.html
D,"Dhanki",New Testament,"परमेश्वरन सत्य वचन",dhn,D/Dhanki/New Testament — परमेश्वरन सत्य वचन.html
A,"Ahirani",New Testament,"प्रेम संदेश",ahr,A/Ahirani/New Testament — प्रेम संदेश.html
H,"Holiya",New Testament,"परमेश्‍वर उन वचन",hoy,H/Holiya/New Testament — परमेश्‍वर उन वचन.html
B,"Bola",New Testament,"A Nitana Vure",bnp,B/Bola/New Testament — A Nitana Vure.html
L,"Lodhi",New Testament,"जीवन को वचन",lbm,L/Lodhi/New Testament — जीवन को वचन.html
E,"English",New Testament,"Open English Bible (Commonwealth Spelling)",engoebcw,E/English/New Testament — Open English Bible (Commonwealth Spelling).html
E,"English",New Testament,"Open English Bible (U. S. spelling)",engoebus,E/English/New Testament — Open English Bible (U. S. spelling).html
G,"Gumatj",New Testament,"Gumatj Bible",gnn,G/Gumatj/New Testament — Gumatj Bible.html
K,"Kwere",New Testament,"Biblia Ching'hwele",cwe,K/Kwere/New Testament — Biblia Ching'hwele.html
T,"Tetun Dili",New Testament,"Testamentu Foun ba Ema Hotu",tdt,T/Tetun Dili/New Testament — Testamentu Foun ba Ema Hotu.html
W,"Waskia",New Testament,"KAEM KO DEN",wsk,W/Waskia/New Testament — KAEM KO DEN.html
B,"Binumarien",New Testament,"Fúka Moodaanaki Kira Ufa Afaqínaasa Ufa",bjr,B/Binumarien/New Testament — Fúka Moodaanaki Kira Ufa Afaqínaasa Ufa.html
M,"Mbula",New Testament,"Anutu Sua Kini Potomaxana",mna,M/Mbula/New Testament — Anutu Sua Kini Potomaxana.html
#,"беларуская",New Testament,"Новы Запавет і Кнігі Старога Запавету",beln,#/беларуская/New Testament — Новы Запавет і Кнігі Старога Запавету.html
E,"Emberá, Northern",New Testament,"Ãcõrẽ Bed̶ea",empNTpo,E/Emberá, Northern/New Testament — Ãcõrẽ Bed̶ea.html
U,"Uduk",New Testament,"Gwo Ma Arumgimis",udu,U/Uduk/New Testament — Gwo Ma Arumgimis.html
W,"Wolio",Portions,"Kitabi Momangkilona Wolio",wlo,W/Wolio/Portions — Kitabi Momangkilona Wolio.html
M,"Mutu",New Testament,"Maaron Saveeŋ Tooni Patabuyaaŋ",tuc-t,M/Mutu/New Testament — Maaron Saveeŋ Tooni Patabuyaaŋ.html
M,"Mutu",New Testament,"Maaron Saveeŋ Toni Patabuaŋ",tuc-o,M/Mutu/New Testament — Maaron Saveeŋ Toni Patabuaŋ.html
M,"Misima-Paneati",New Testament,"Bateli Vavaluna",mpx,M/Misima-Paneati/New Testament — Bateli Vavaluna.html
N,"Numanggang",New Testament,"Bepaŋ'Walaŋ Folofolok Kobuli",nop,N/Numanggang/New Testament — Bepaŋ'Walaŋ Folofolok Kobuli.html
Y,"Yongkom",New Testament,"Buk Baibel long tokples Yongkom",yon,Y/Yongkom/New Testament — Buk Baibel long tokples Yongkom.html
N,"Ngaanyatjarra",New Testament,"Mama Kuurrku Wangka",ntj,N/Ngaanyatjarra/New Testament — Mama Kuurrku Wangka.html
T,"Tuma-Irumu",New Testament,"Tuma-Irumu",iou,T/Tuma-Irumu/New Testament — Tuma-Irumu.html
B,"Blaan, Sarangani",New Testament,"I tnalù dwata",bps,B/Blaan, Sarangani/New Testament — I tnalù dwata.html
H,"Hre",New Testament,"Hset Hadròeh",hrebt,H/Hre/New Testament — Hset Hadròeh.html
A,"Achuar-shiwiar",New Testament,"Achuar Peru: Yuse Chichame Aarmauri",acuNT,A/Achuar-shiwiar/New Testament — Achuar Peru Yuse Chichame Aarmauri.html
S,"Suau",New Testament,"RIBA HARIHARIUNA",swp,S/Suau/New Testament — RIBA HARIHARIUNA.html
C,"Chin, Matu",New Testament,"Tuivang Holy Bible",hltthb,C/Chin, Matu/New Testament — Tuivang Holy Bible.html
G,"Gunwinggu",New Testament,"God Nuye Kunwok",gup,G/Gunwinggu/New Testament — God Nuye Kunwok.html
P,"Paama",New Testament,"Paama Bible",pma,P/Paama/New Testament — Paama Bible.html
P,"Pitjantjatjara",New Testament,"Tjukurpa Palya",pjt,P/Pitjantjatjara/New Testament — Tjukurpa Palya.html
S,"Siroi",New Testament,"KUATE TUKU PASA",ssd,S/Siroi/New Testament — KUATE TUKU PASA.html
T,"Tucano",New Testament,"Õ'âkĩ̶ hɨ yeere uúkũri turi Tukano",tuoNT,T/Tucano/New Testament — Õ'âkĩ̶ hɨ yeere uúkũri turi Tukano.html
G,"Gumawana",New Testament,"Buki Kimaasabaina",gvs,G/Gumawana/New Testament — Buki Kimaasabaina.html
B,"Baga Sitemu",Portions,"Kitabu ka Kanu",bsp,B/Baga Sitemu/Portions — Kitabu ka Kanu.html
K,"Kizalamo",New Testament,"Bibilia ya Kizalamo",zajp,K/Kizalamo/New Testament — Bibilia ya Kizalamo.html
S,"Saafi-Saafi",New Testament,"Saafi-Saafi",sav,S/Saafi-Saafi/New Testament — Saafi-Saafi.html
B,"Bariai",New Testament,"Deo Ele Posanga",bch,B/Bariai/New Testament — Deo Ele Posanga.html
A,"Ashéninka, South Ucayali",New Testament,"Las Escrituras en Ashéninka Ucayali del Sur del Perú",cpy,A/Ashéninka, South Ucayali/New Testament — Las Escrituras en Ashéninka Ucayali del Sur del Perú.html
C,"Chachi",New Testament,"Diosa' kiika; Génesis, Éxodo y El Nuevo Testamento",cbiNTpo,C/Chachi/New Testament — Diosa' kiika; Génesis, Éxodo y El Nuevo Testamento.html
K,"Kanasi",New Testament,"Ina Sanaa Gagalowa",soq,K/Kanasi/New Testament — Ina Sanaa Gagalowa.html
T,"Tarok",Portions,"Tarok Bible",yer,T/Tarok/Portions — Tarok Bible.html
S,"Sudest",New Testament,"Toto Thovuye Loi Ghalɨŋae",tgo,S/Sudest/New Testament — Toto Thovuye Loi Ghalɨŋae.html
U,"Ukranian",New Testament,"Бібліка ® Відкрита Новий Переклад Українською",ukronpu,U/Ukranian/New Testament — Бібліка ® Відкрита Новий Переклад Українською.html
A,"Assyrian Neo-Aramaic",New Testament,"ܕܝܬܩܐ ܚܕܬܐ ܕܡܪܢ ܝܫܘܥ ܡܫܝܚܐ ܘܡܙܡܘܪ̈ܐ ܒܠܫܢܐ ܐܬܘܪܝܐ",aii,A/Assyrian Neo-Aramaic/New Testament — ܕܝܬܩܐ ܚܕܬܐ ܕܡܪܢ ܝܫܘܥ ܡܫܝܚܐ ܘܡܙܡܘܪ̈ܐ ܒܠܫܢܐ ܐܬܘܪܝܐ.html
K,"Kiyombi",New Testament,"Biblica® Open Nkanda wu Moyo, Nguizani Yimona ayi Minkunga 2002",yom,K/Kiyombi/New Testament — Biblica® Open Nkanda wu Moyo, Nguizani Yimona ayi Minkunga 2002.html
P,"Pohnpeian",New Testament,"Kadede Kap Pjam Akan",pon,P/Pohnpeian/New Testament — Kadede Kap Pjam Akan.html
P,"Pohnpeian",New Testament,"Kadede Kap Psam Akan",pon-pdn,P/Pohnpeian/New Testament — Kadede Kap Psam Akan.html
Z,"Zapotec, Tabaa",New Testament,"Xela wezria cube nen salmo caʼ",zatNTps,Z/Zapotec, Tabaa/New Testament — Xela wezria cube nen salmo caʼ.html
M,"Madak",New Testament,"Lenavolo Lovoang Kaala Maxat La Sam",mmx,M/Madak/New Testament — Lenavolo Lovoang Kaala Maxat La Sam.html
Y,"Yawa",New Testament,"Yawa",yvaNT,Y/Yawa/New Testament — Yawa.html
Z,"Zapotec, Rincón",New Testament,"Didza' cubi rucá'ana tsahui'",zarNT,Z/Zapotec, Rincón/New Testament — Didza' cubi rucá'ana tsahui'.html
K,"Kube",New Testament,"SISIPAC AC ɊELIA",kgf,K/Kube/New Testament — SISIPAC AC ɊELIA.html
Z,"Zapotec, Yatee",New Testament,"Dižaʼ chaweʼ kub len Salmo kaʼ",ztyNTps,Z/Zapotec, Yatee/New Testament — Dižaʼ chaweʼ kub len Salmo kaʼ.html
S,"Sio",New Testament,"MARO KINDENI KAWA ŊGUA",xsi,S/Sio/New Testament — MARO KINDENI KAWA ŊGUA.html
B,"Barai",New Testament,"GODIDO VUA MAEJE",bbb,B/Barai/New Testament — GODIDO VUA MAEJE.html
Y,"Yopno",New Testament,"PIŊKOP GEN",yut,Y/Yopno/New Testament — PIŊKOP GEN.html
D,"Dedua",New Testament,"Yoac kekehagocac Dzadzahac gboria nga Mitiyegec",ded,D/Dedua/New Testament — Yoac kekehagocac Dzadzahac gboria nga Mitiyegec.html
W,"Wantoat",New Testament,"Anututane Wam Kwikwiu Kayuk Kaknga Jesu Kraisda Takepbut Taknga Anin gatu Sam Kuupbam Lotutane Kap Taknga",wnc,W/Wantoat/New Testament — Anututane Wam Kwikwiu Kayuk Kaknga Jesu Kraisda Takepbut Taknga Anin gatu Sam Kuupbam Lotutane Kap Taknga.html
A,"Apal",New Testament,"Asɨ dɨ manasɨŋ",ena,A/Apal/New Testament — Asɨ dɨ manasɨŋ.html
W,"Warlpiri",New Testament,"Warlpiri Short Bible",wbp,W/Warlpiri/New Testament — Warlpiri Short Bible.html
P,"Patpatar",New Testament,"No Sigar Kunubus tika ma Ira Ninge na Lotu",gfk,P/Patpatar/New Testament — No Sigar Kunubus tika ma Ira Ninge na Lotu.html
K,"Korafe",New Testament,"God Da Geka Seka",kpr,K/Korafe/New Testament — God Da Geka Seka.html
A,"Anjam",New Testament,"Yesus Aqa Anjam Bole 2014 + Qotei qa Lou",boj2014,A/Anjam/New Testament — Yesus Aqa Anjam Bole 2014 + Qotei qa Lou.html
N,"Natügu",New Testament,"Nzryrngrkxtr Kc Ate Rut x Sam",ntu,N/Natügu/New Testament — Nzryrngrkxtr Kc Ate Rut x Sam.html
T,"Tagabawa",New Testament,"Kagi Ka Manama",bgs,T/Tagabawa/New Testament — Kagi Ka Manama.html
I,"Icelandic",New Testament,"Biblica® Opna Lifandi Orð Nýja testamentið og Sálmarnir™",isl,I/Icelandic/New Testament — Biblica® Opna Lifandi Orð Nýja testamentið og Sálmarnir™.html
I,"Iamalele",New Testament,"YAUBADA YANA VONA'AWAUFAUFA 'IVAUNA",yml,I/Iamalele/New Testament — YAUBADA YANA VONA'AWAUFAUFA 'IVAUNA.html
S,"Shipibo-Conibo",New Testament,"Diossen joi jatíxonbi onanti joi",shpNTpo,S/Shipibo-Conibo/New Testament — Diossen joi jatíxonbi onanti joi.html
C,"Chorti",New Testament,"Uyojroner e Dios xeꞌ Tzꞌijbꞌabꞌir Tama e Onian Tiempo",caa,C/Chorti/New Testament — Uyojroner e Dios xeꞌ Tzꞌijbꞌabꞌir Tama e Onian Tiempo.html
B,"Bribri",New Testament,"Tte Pa̱'a̱li̱ Me' Skëköl tö Se' a̱",bzdNTpo,B/Bribri/New Testament — Tte Pa̱'a̱li̱ Me' Skëköl tö Se' a̱.html
K,"Kamula",New Testament,"Ka꞉dle Yu",xla,K/Kamula/New Testament — Ka꞉dle Yu.html
L,"Luang",New Testament,"Puka Lululi",lex,L/Luang/New Testament — Puka Lululi.html
A,"Arrernte, Eastern",New Testament,"Angkentye Mwerre",aer,A/Arrernte, Eastern/New Testament — Angkentye Mwerre.html
E,"English",Portions,"Wycliffe Bible",engWycliffe,E/English/Portions — Wycliffe Bible.html
L,"Lungga",New Testament,"Luqa Full Bible",lga,L/Lungga/New Testament — Luqa Full Bible.html
B,"Borong",New Testament,"Uumeleembaa Buŋa Tere Soomoŋgo Gbilia",ksr,B/Borong/New Testament — Uumeleembaa Buŋa Tere Soomoŋgo Gbilia.html
S,"Somba-Siawari or Burum-Mindik",New Testament,"Burum-Mindik Bible",bmu,S/Somba-Siawari or Burum-Mindik/New Testament — Burum-Mindik Bible.html
T,"Tungag",New Testament,"AKUS RO NA PALATUNG TANGINANG ANI IESU KARISTO",lcm,T/Tungag/New Testament — AKUS RO NA PALATUNG TANGINANG ANI IESU KARISTO.html
T,"Torres Strait Creole",New Testament,"Baibol Tores Streit Yumplatok",tcs,T/Torres Strait Creole/New Testament — Baibol Tores Streit Yumplatok.html
B,"Bimin",New Testament,"Sunbin-Got em Kitakamin Weng",bhl,B/Bimin/New Testament — Sunbin-Got em Kitakamin Weng.html
K,"Keyagana",New Testament,"Saufa Kotalake Gemae",kyg,K/Keyagana/New Testament — Saufa Kotalake Gemae.html
N,"Nyindrou",New Testament,"Sahou ta Kindrei",lid,N/Nyindrou/New Testament — Sahou ta Kindrei.html
S,"Sénoufo, Supyire",New Testament,"KILE JWUMPE SEMƐŊI JWUMPE NINTANMPE",spp,S/Sénoufo, Supyire/New Testament — KILE JWUMPE SEMƐŊI JWUMPE NINTANMPE.html
G,"Guambiano",New Testament,"Nacom Pejume Diwesi po diwesi pena jume diwesi xua Jesucristo yabara tinatsi",gum,G/Guambiano/New Testament — Nacom Pejume Diwesi po diwesi pena jume diwesi xua Jesucristo yabara tinatsi.html
C,"Carrier",New Testament,"Yak'usda Ooghuni",crxNTpo,C/Carrier/New Testament — Yak'usda Ooghuni.html
N,"Nali",New Testament,"Nongan Hiyan",nss,N/Nali/New Testament — Nongan Hiyan.html
M,"Makonde",New Testament,"Lilailano Lyahambi Lya Nnungu Kwa Vanu Vammalele",kde,M/Makonde/New Testament — Lilailano Lyahambi Lya Nnungu Kwa Vanu Vammalele.html
G,"Gapapaiwa",New Testament,"Gapapaiwa New Testament",pwg,G/Gapapaiwa/New Testament — Gapapaiwa New Testament.html
M,"Mankanya",New Testament,"Ulibra wi Naşibaţi",knf,M/Mankanya/New Testament — Ulibra wi Naşibaţi.html
M,"Mato",New Testament,"Urana Xuana",met,M/Mato/New Testament — Urana Xuana.html
P,"Pele-Ata",New Testament,"Vaikala Noxou Lataua",ata,P/Pele-Ata/New Testament — Vaikala Noxou Lataua.html
U,"Ubir",New Testament,"God An Dura Bobaibasit Boboun",ubr,U/Ubir/New Testament — God An Dura Bobaibasit Boboun.html
B,"Bontok, Central",New Testament,"Nan kalin Apo Dios",lbk,B/Bontok, Central/New Testament — Nan kalin Apo Dios.html
C,"Cofán",New Testament,"Chiga Tevaen'Jema Atesuja 1, Aisheve Caña'cho",conNTpo,C/Cofán/New Testament — Chiga Tevaen'Jema Atesuja 1, Aisheve Caña'cho.html
S,"Sembeleke",New Testament,"Sembeleke",ssx,S/Sembeleke/New Testament — Sembeleke.html
D,"Dogrib",New Testament,"Nǫ̀htsı̨̨ Nı̨̨htł'è",dgrDOGNT,D/Dogrib/New Testament — Nǫ̀htsı̨̨ Nı̨̨htł'è.html
R,"Ramoaaina",New Testament,"BUK TAABU MATAKIN + TURPAAINA",rai,R/Ramoaaina/New Testament — BUK TAABU MATAKIN + TURPAAINA.html
M,"Manobo, Sarangani",New Testament,"Se kaling peokit",mbs,M/Manobo, Sarangani/New Testament — Se kaling peokit.html
W,"West Kewa",New Testament,"Gotena Epe Agaa",kew,W/West Kewa/New Testament — Gotena Epe Agaa.html
C,"Cashibo-Cacataibo",New Testament,"Nukën 'Ibu Diosan ain unikama 'inan ain bana",cbrNT,C/Cashibo-Cacataibo/New Testament — Nukën 'Ibu Diosan ain unikama 'inan ain bana.html
K,"Kupang Malay",New Testament,"Kupang Malay Bible",mkn,K/Kupang Malay/New Testament — Kupang Malay Bible.html
B,"Bambam",New Testament,"Suha' Maseho: Kadadiam anna Pa'dandiam Bakahu",ptu,B/Bambam/New Testament — Suha' Maseho Kadadiam anna Pa'dandiam Bakahu.html
K,"Kwara'ae",New Testament,"Fau Alanga'inga Faolu Ana Ala'anga Kwara'ae",kwf,K/Kwara'ae/New Testament — Fau Alanga'inga Faolu Ana Ala'anga Kwara'ae.html
C,"Chayahuita",New Testament,"Yosë nanamën",cbtNTpo,C/Chayahuita/New Testament — Yosë nanamën.html
K,"Kaluli",New Testament,"Godeya꞉ To Nafayo꞉ We",bco,K/Kaluli/New Testament — Godeya꞉ To Nafayo꞉ We.html
T,"Teribe",New Testament,"Sbö Tjl̈õkwo",tfrNTpo,T/Teribe/New Testament — Sbö Tjl̈õkwo.html
H,"Helong",New Testament,"Buk Niu In Hida Balu nol Dehet deng Apan-kloma ki in Dadi ka",hegNTpo,H/Helong/New Testament — Buk Niu In Hida Balu nol Dehet deng Apan-kloma ki in Dadi ka.html
A,"Amele",New Testament,"BAL CEHEC JE HAUN",aey,A/Amele/New Testament — BAL CEHEC JE HAUN.html
A,"Amarasi",New Testament,"Uisneno In Kabin ma Prenat: Rais Manba'an Fe'u nok Reta' Ahun-hunut",aaz,A/Amarasi/New Testament — Uisneno In Kabin ma Prenat Rais Manba'an Fe'u nok Reta' Ahun-hunut.html
L,"Lole",New Testament,"Rote Lole Alkitab",llg,L/Lole/New Testament — Rote Lole Alkitab.html
D,"Dela-Oenale",New Testament,"Rote Dela Alkitab",row,D/Dela-Oenale/New Testament — Rote Dela Alkitab.html
D,"Dhao",New Testament,"Dhao Alkitab",nfa,D/Dhao/New Testament — Dhao Alkitab.html
T,"Tetun",New Testament,"Tetun Alkitab",tet,T/Tetun/New Testament — Tetun Alkitab.html
T,"Tii",New Testament,"Rote Tii Alkitab",txq,T/Tii/New Testament — Rote Tii Alkitab.html
W,"Waris",New Testament,"Sesoana Besal Nemelmoa Walsana Moana",wrs,W/Waris/New Testament — Sesoana Besal Nemelmoa Walsana Moana.html
G,"Gizrra",New Testament,"Godón Buk",tof,G/Gizrra/New Testament — Godón Buk.html
S,"Sankaran Maninka",Portions,"Alla la Kitabu Seniman",msc,S/Sankaran Maninka/Portions — Alla la Kitabu Seniman.html
T,"Thur",Portions,"Leb-Thur",lth,T/Thur/Portions — Leb-Thur.html
C,"Chol",New Testament,"JINI WEN BΛ T'AN",ctucti,C/Chol/New Testament — JINI WEN BΛ T'AN.html
A,"Alyawarr",Portions,"Alyawarr Bible",aly,A/Alyawarr/Portions — Alyawarr Bible.html
K,"Kuku-Yalanji",New Testament,"Godumu Kuku",gvn,K/Kuku-Yalanji/New Testament — Godumu Kuku.html
N,"Nunggubuyu",New Testament,"Ana-Maṉngulg Ana-Wubiba -- Anu-gadhuwa Ana-lhaawu",nuy,N/Nunggubuyu/New Testament — Ana-Maṉngulg Ana-Wubiba -- Anu-gadhuwa Ana-lhaawu.html
R,"Rikou",Portions,"Rote Rikou Alkitab",rgu,R/Rikou/Portions — Rote Rikou Alkitab.html
Q,"Quechua, San Martín",New Testament,"Tata Diospa Mushuk Rimanan",qvsNT,Q/Quechua, San Martín/New Testament — Tata Diospa Mushuk Rimanan.html
S,"Saposa",New Testament,"U VURUNGAN ROF FOUN TEN GOV NANE JISAS KRAIS",sps,S/Saposa/New Testament — U VURUNGAN ROF FOUN TEN GOV NANE JISAS KRAIS.html
B,"Burarra",New Testament,"Nyanyapa Arrku Gun-nika Gun-molamola Janguny: Minypa Jesus Christ Guna-ganyja Arrburrwa Gun-geka Rum",bvr,B/Burarra/New Testament — Nyanyapa Arrku Gun-nika Gun-molamola Janguny Minypa Jesus Christ Guna-ganyja Arrburrwa Gun-geka Rum.html
U,"Usarufa",New Testament,"aúgen-anona-anon-aimma",usa,U/Usarufa/New Testament — aúgen-anona-anon-aimma.html
B,"Baruya",New Testament,"Yipma Genesis and New Testament",byr,B/Baruya/New Testament — Yipma Genesis and New Testament.html
M,"Mbe",Portions,"Mbembe Okohm",mfo,M/Mbe/Portions — Mbembe Okohm.html
S,"Sénoufo, Mamara",New Testament,"KARIƝƐƐGƐ ƝƆMƐƐ NIVONƆ",myk,S/Sénoufo, Mamara/New Testament — KARIƝƐƐGƐ ƝƆMƐƐ NIVONƆ.html
K,"Kuni-Boazi",New Testament,"Mbumbukiam-qa Manqat Mbomambaqape",kvg,K/Kuni-Boazi/New Testament — Mbumbukiam-qa Manqat Mbomambaqape.html
M,"Mussau-Emira",New Testament,"Mussau-Emira Bible",emi,M/Mussau-Emira/New Testament — Mussau-Emira Bible.html
A,"Ambrym, Southeast",New Testament,"Vanuvei Eo e sepinien Vatlongos na mol-Vatimol xil niutestamen e rute te oltestamen",tvk,A/Ambrym, Southeast/New Testament — Vanuvei Eo e sepinien Vatlongos na mol-Vatimol xil niutestamen e rute te oltestamen.html
Y,"Yakan",New Testament,"Yakan Bible",yka,Y/Yakan/New Testament — Yakan Bible.html
D,"Doromu-Koki",New Testament,"Sei di Uka Ago Ruaka",kqc,D/Doromu-Koki/New Testament — Sei di Uka Ago Ruaka.html
N,"Naasioi",New Testament,"Kara Naroong-anta Nerakung Kongarana'",nas,N/Naasioi/New Testament — Kara Naroong-anta Nerakung Kongarana'.html
W,"Wik-Mungkan",New Testament,"Wik Inangan Kan-Kanam God.antama",wim,W/Wik-Mungkan/New Testament — Wik Inangan Kan-Kanam God.antama.html
G,"Greek, Ancient",New Testament,"Η Καινή Διαθήκη",grcsr,G/Greek, Ancient/New Testament — Η Καινή Διαθήκη.html
A,"Atta, Pamplona",New Testament,"Yù bilin ni Namarò nga meyannung kâ Apu Kesu Kiristu: Yù bagu nga tarátu ni Namarò sù ira nga mangikatalà kâ Apu Kesu Kiristu",att,A/Atta, Pamplona/New Testament — Yù bilin ni Namarò nga meyannung kâ Apu Kesu Kiristu Yù bagu nga tarátu ni Namarò sù ira nga mangikatalà kâ Apu Kesu Kir.html
B,"Bodo Parja",New Testament,"ସଃର୍ଗାର୍‌ ବାଟ୍‌ ନଃଉଁଆ ନିଅମ୍‌",bdv,B/Bodo Parja/New Testament — ସଃର୍ଗାର୍‌ ବାଟ୍‌ ନଃଉଁଆ ନିଅମ୍‌.html
C,"Chin, Siyin",New Testament,"Tinaung Takluem",csy,C/Chin, Siyin/New Testament — Tinaung Takluem.html
C,"Chinantec, Lealao",New Testament,"Ja̱³la³ fáh⁴dxa⁴²dxú⁴ hi³mɨɨ³² chiáh² Ñúh³a² Jesucristo; Salmos",cleNT,C/Chinantec, Lealao/New Testament — Ja̱³la³ fáh⁴dxa⁴²dxú⁴ hi³mɨɨ³² chiáh² Ñúh³a² Jesucristo; Salmos.html
C,"Chinese",New Testament,"免费的易读圣经 Free Easy-to-read Bible",cmnfeb,C/Chinese/New Testament — 免费的易读圣经 Free Easy-to-read Bible.html
C,"Chiyawo",New Testament,"Lilangano lya Sambano",yao,C/Chiyawo/New Testament — Lilangano lya Sambano.html
D,"Dieri",New Testament,"TESTAMENTA MARRA",dif,D/Dieri/New Testament — TESTAMENTA MARRA.html
E,"Etulo",New Testament,"Etulo NT",utr,E/Etulo/New Testament — Etulo NT.html
G,"Gata'",New Testament,"ସତ୍‌ ଗାଲି",gaq,G/Gata'/New Testament — ସତ୍‌ ଗାଲି.html
G,"Gowlan",New Testament,"परमेश्वर को पवित्र वचन",goj,G/Gowlan/New Testament — परमेश्वर को पवित्र वचन.html
H,"Halbi",New Testament,"परमेस्वर को सच्चो वचन ख जाननू",hlb,H/Halbi/New Testament — परमेस्वर को सच्चो वचन ख जाननू.html
H,"Hausa",New Testament,"Litafi Mai-tsarki",hauulb,H/Hausa/New Testament — Litafi Mai-tsarki.html
I,"Ikwere",New Testament,"Tẹsitamenti Ikne n'Ọnu Ikwere",ikwNT,I/Ikwere/New Testament — Tẹsitamenti Ikne n'Ọnu Ikwere.html
I,"Indonesian",New Testament,"Alkitab Gratis untuk Semua",indags,I/Indonesian/New Testament — Alkitab Gratis untuk Semua.html
J,"Juray",New Testament,"ଆଜାଡ଼ି ତଙରନ୍‌",juy,J/Juray/New Testament — ଆଜାଡ଼ି ତଙରନ୍‌.html
K,"Koya",New Testament,"ପୁନାଦ୍ ଆର୍ର୍",kff,K/Koya/New Testament — ପୁନାଦ୍ ଆର୍ର୍.html
K,"Kuman",New Testament,"YESUS KAMO WAKAI",kue,K/Kuman/New Testament — YESUS KAMO WAKAI.html
K,"Kutu",New Testament,"Lagano da Sambi kwa Wanhu Wose",kdc2014,K/Kutu/New Testament — Lagano da Sambi kwa Wanhu Wose.html
L,"Luyana",New Testament,"Luyana Bible Translation",lyn,L/Luyana/New Testament — Luyana Bible Translation.html
M,"Matengo",New Testament,"Amatengu",mgv,M/Matengo/New Testament — Amatengu.html
M,"Mazateco, Ayautla",New Testament,"El Nuevo Testamento Mazateco de Ayautla",vmyNT,M/Mazateco, Ayautla/New Testament — El Nuevo Testamento Mazateco de Ayautla.html
M,"Mpoto",New Testament,"Chimpoto",mpa,M/Mpoto/New Testament — Chimpoto.html
M,"Mwani",New Testament,"Habari Ngema",wmw,M/Mwani/New Testament — Habari Ngema.html
M,"Mwera",New Testament,"Malagano ga Ambi",mwe,M/Mwera/New Testament — Malagano ga Ambi.html
N,"Naga Pidgin",New Testament,"Indian Standard Version (ISV) Nagamese",nag,N/Naga Pidgin/New Testament — Indian Standard Version (ISV) Nagamese.html
N,"Nahuatl, Zacatlán-Ahuacatlán-Tepetzintla",New Testament,"In Yancuic Tlahtolsintilil",nhiNT,N/Nahuatl, Zacatlán-Ahuacatlán-Tepetzintla/New Testament — In Yancuic Tlahtolsintilil.html
N,"Ndendeule",New Testament,"Ndendeule",dne,N/Ndendeule/New Testament — Ndendeule.html
N,"Ndwewe",New Testament,"Ndwewe Bible Version",nww,N/Ndwewe/New Testament — Ndwewe Bible Version.html
N,"Ngindo",New Testament,"Ngindo New Testament 2015",nnq,N/Ngindo/New Testament — Ngindo New Testament 2015.html
N,"Ngoni",New Testament,"Ngoni Bible Version Translation Project",xnj,N/Ngoni/New Testament — Ngoni Bible Version Translation Project.html
P,"Pogolo",New Testament,"Lipatanu Lya Syayi Kwa Wantu Woseri",poy,P/Pogolo/New Testament — Lipatanu Lya Syayi Kwa Wantu Woseri.html
P,"Português",New Testament,"Biblia Livre Para Todos",porblt,P/Português/New Testament — Biblia Livre Para Todos.html
Q,"Quechua, Eastern Apurímac",New Testament,"Mosoq Testamento",qveNT,Q/Quechua, Eastern Apurímac/New Testament — Mosoq Testamento.html
R,"Romani, Vlax",New Testament,"Biblija pe romani Čergarsko čhib Srbija (Vojvodin Romani/Shiyak)",rmyChergash,R/Romani, Vlax/New Testament — Biblija pe romani Čergarsko čhib Srbija (Vojvodin Romani Shiyak).html
R,"Romani, Vlax",New Testament,"E Devleso Lafi ko Gurbetsko dijalekt Srbija",rmyGurbet,R/Romani, Vlax/New Testament — E Devleso Lafi ko Gurbetsko dijalekt Srbija.html
S,"Sanskrit",New Testament,"Sanskrit Bible (NT) in Assamese Script",sanasm,S/Sanskrit/New Testament — Sanskrit Bible (NT) in Assamese Script.html
S,"Sanskrit",New Testament,"Sanskrit Bible (NT) in Bengali Script",sanben,S/Sanskrit/New Testament — Sanskrit Bible (NT) in Bengali Script.html
S,"Sanskrit",New Testament,"Sanskrit Bible (NT) in Burmese Script (သတျဝေဒး၊)",sanbur,S/Sanskrit/New Testament — Sanskrit Bible (NT) in Burmese Script (သတျဝေဒး၊).html
S,"Sanskrit",New Testament,"Sanskrit Bible (NT) in Cologne Script",sancol,S/Sanskrit/New Testament — Sanskrit Bible (NT) in Cologne Script.html
S,"Sanskrit",New Testament,"Sanskrit Bible (NT) in Devanagari Script (सत्यवेदः।)",sandev,S/Sanskrit/New Testament — Sanskrit Bible (NT) in Devanagari Script (सत्यवेदः।).html
S,"Sanskrit",New Testament,"Sanskrit Bible (NT) in Gujarati Script",sanguj,S/Sanskrit/New Testament — Sanskrit Bible (NT) in Gujarati Script.html
S,"Sanskrit",New Testament,"Sanskrit Bible (NT) in Harvard-Kyoto Script",sanhk,S/Sanskrit/New Testament — Sanskrit Bible (NT) in Harvard-Kyoto Script.html
S,"Sanskrit",New Testament,"Sanskrit Bible (NT) in IAST Script (satyavedaḥ|)",sanias,S/Sanskrit/New Testament — Sanskrit Bible (NT) in IAST Script (satyavedaḥ ).html
S,"Sanskrit",New Testament,"Sanskrit Bible (NT) in ISO Script (satyavēdaḥ|)",saniso,S/Sanskrit/New Testament — Sanskrit Bible (NT) in ISO Script (satyavēdaḥ ).html
S,"Sanskrit",New Testament,"Sanskrit Bible (NT) in ITRANS Script",sanitr,S/Sanskrit/New Testament — Sanskrit Bible (NT) in ITRANS Script.html
S,"Saṃskṛtam",New Testament,"Sanskrit Bible (NT) in Kannada Script",sankan,S/Saṃskṛtam/New Testament — Sanskrit Bible (NT) in Kannada Script.html
S,"Saṃskṛtam",New Testament,"Sanskrit Bible (NT) in Khmer Script",sankhm,S/Saṃskṛtam/New Testament — Sanskrit Bible (NT) in Khmer Script.html
S,"Saṃskṛtam",New Testament,"Sanskrit Bible (NT) in Malayalam Script (സത്യവേദഃ।)",sanmal,S/Saṃskṛtam/New Testament — Sanskrit Bible (NT) in Malayalam Script (സത്യവേദഃ।).html
S,"Saṃskṛtam",New Testament,"0 Sanskrit Bible (NT) in Oriya Script (ସତ୍ୟୱେଦଃ।)",sanori,S/Saṃskṛtam/New Testament — 0 Sanskrit Bible (NT) in Oriya Script (ସତ୍ୟୱେଦଃ।).html
S,"Saṃskṛtam",New Testament,"0 Sanskrit Bible (NT) in Punjabi Script (ਸਤ੍ਯਵੇਦਃ।)",sanpun,S/Saṃskṛtam/New Testament — 0 Sanskrit Bible (NT) in Punjabi Script (ਸਤ੍ਯਵੇਦਃ।).html
S,"Saṃskṛtam",New Testament,"Sanskrit Bible (NT) in Sinhala Script (සත්‍යවේදඃ।)",sansin,S/Saṃskṛtam/New Testament — Sanskrit Bible (NT) in Sinhala Script (සත්‍යවේදඃ।).html
S,"Saṃskṛtam",New Testament,"Sanskrit Bible (NT) in Tamil Script",santam,S/Saṃskṛtam/New Testament — Sanskrit Bible (NT) in Tamil Script.html
S,"Saṃskṛtam",New Testament,"Sanskrit Bible (NT) in Telugu Script (సత్యవేదః।)",santel,S/Saṃskṛtam/New Testament — Sanskrit Bible (NT) in Telugu Script (సత్యవేదః।).html
S,"Saṃskṛtam",New Testament,"Sanskrit Bible (NT) in Thai Script (สตฺยเวท:ฯ)",santha,S/Saṃskṛtam/New Testament — Sanskrit Bible (NT) in Thai Script (สตฺยเวท ฯ).html
S,"Saṃskṛtam",New Testament,"Sanskrit Bible (NT) in Tibetan Script (སཏྱཝེདཿ།)",santib,S/Saṃskṛtam/New Testament — Sanskrit Bible (NT) in Tibetan Script (སཏྱཝེདཿ།).html
S,"Saṃskṛtam",New Testament,"Sanskrit Bible (NT) in Urdu Script (سَتْیَویدَح۔)",sanurd,S/Saṃskṛtam/New Testament — Sanskrit Bible (NT) in Urdu Script (سَتْیَویدَح۔).html
S,"Saṃskṛtam",New Testament,"Sanskrit Bible (NT) in Velthuis Script (satyaveda.h|)",sanvel,S/Saṃskṛtam/New Testament — Sanskrit Bible (NT) in Velthuis Script (satyaveda.h ).html
S,"Soli",New Testament,"Soli New Testament",sby,S/Soli/New Testament — Soli New Testament.html
T,"Tektiteko",New Testament,"Te akʼaʼj tuʼjal tuj tuʼjal qtata Dios",ttcNT,T/Tektiteko/New Testament — Te akʼaʼj tuʼjal tuj tuʼjal qtata Dios.html
T,"Tharu, Rana",New Testament,"परमेस्वर को सच्चो वचन",thr,T/Tharu, Rana/New Testament — परमेस्वर को सच्चो वचन.html
Z,"Zapotec, Loxicha",New Testament,"El Nuevo Testament en el idioma Zapoteco de Loxicha",ztp,Z/Zapotec, Loxicha/New Testament — El Nuevo Testament en el idioma Zapoteco de Loxicha.html
Z,"Zigua",New Testament,"Lagano hya",ziw,Z/Zigua/New Testament — Lagano hya.html
A,"Achi",New Testament,"Ri utzilaj tzij re ri kanimajawal Jesucristo",acrNNT,A/Achi/New Testament — Ri utzilaj tzij re ri kanimajawal Jesucristo.html
A,"Achi",New Testament,"Ri utzilaj tzij re ri kanimajawal Jesucristo",acrTNT,A/Achi/New Testament — Ri utzilaj tzij re ri kanimajawal Jesucristo (acrTNT).html
A,"Arabic, Tunisian Spoken",New Testament,"العهد الجديد بالدارجة التونسية 2022",aeu,A/Arabic, Tunisian Spoken/New Testament — العهد الجديد بالدارجة التونسية 2022.html
C,"Chatino, Nopala",New Testament,"El Nuevo Testamento",cya,C/Chatino, Nopala/New Testament — El Nuevo Testamento.html
C,"Chinantec, Ozumacín",New Testament,"Hmooh hmëë he- ga-jmee Jesucristo; Salmos",chzNTps,C/Chinantec, Ozumacín/New Testament — Hmooh hmëë he- ga-jmee Jesucristo; Salmos.html
C,"Chinantec, Palantla",New Testament,"El Nuevo Testamento de nuestro señor Jesucristo: Versión chinanteca",cpaNT,C/Chinantec, Palantla/New Testament — El Nuevo Testamento de nuestro señor Jesucristo Versión chinanteca.html
D,"Desiya",New Testament,"ସତିଅର୍‌ ବାଟ୍‌",dso,D/Desiya/New Testament — ସତିଅର୍‌ ବାଟ୍‌.html
G,"Greek, Ancient",New Testament,"Η Καινή Διαθήκη",grcbyz,G/Greek, Ancient/New Testament — Η Καινή Διαθήκη (grcbyz).html
H,"Huave, San Mateo Del Mar",New Testament,"Jayats nanderac wüx miteatiiüts Jesucristo",huvNT,H/Huave, San Mateo Del Mar/New Testament — Jayats nanderac wüx miteatiiüts Jesucristo.html
I,"Ika",New Testament,"Elu Ọhụn: Ẹkụkwọ-Nsọ (Azụụn Ọhụn rịn'a)",ikkNT,I/Ika/New Testament — Elu Ọhụn Ẹkụkwọ-Nsọ (Azụụn Ọhụn rịn'a).html
I,"Ixil",New Testament,"U ak' Testamento tu kuyob'al",ixlNNT,I/Ixil/New Testament — U ak' Testamento tu kuyob'al.html
K,"Kaqchikel",New Testament,"Ri c'ac'ac' Testamento pa kach'ab'al",cakSNT,K/Kaqchikel/New Testament — Ri c'ac'ac' Testamento pa kach'ab'al.html
K,"Kuna, San Blas",New Testament,"Bab dummad Jesucristoba igar mesisad garda",cuk09,K/Kuna, San Blas/New Testament — Bab dummad Jesucristoba igar mesisad garda.html
M,"Maka",New Testament,"INTATA ȽE'ȽIJEI",mca,M/Maka/New Testament — INTATA ȽE'ȽIJEI.html
M,"Malay",New Testament,"Kitab Suci Zabur dan Injil",zlmKSZI,M/Malay/New Testament — Kitab Suci Zabur dan Injil.html
M,"Mazatec, Jalapa de Díaz",New Testament,"Éhe̱n Nti̱a̱ná",majNT,M/Mazatec, Jalapa de Díaz/New Testament — Éhe̱n Nti̱a̱ná.html
M,"Mixtec, Silacayoapan",New Testament,"Tu̱hun sa̱á ña̱ na̱jándacoo Jesucristo nu̱ yo̱: El Nuevo Testamento en el mixteco de Silacayoapan",mksNT,M/Mixtec, Silacayoapan/New Testament — Tu̱hun sa̱á ña̱ na̱jándacoo Jesucristo nu̱ yo̱ El Nuevo Testamento en el mixteco de Silacayoapan.html
M,"Mixtec, Tezoatlán",New Testament,"Tuti yó'o kúú to̱'on Ndios, ta xí'o ña kuendá sa'a̱ Jesús",mxbNT,M/Mixtec, Tezoatlán/New Testament — Tuti yó'o kúú to̱'on Ndios, ta xí'o ña kuendá sa'a̱ Jesús.html
M,"Munda",New Testament,"ପାର୍‌ମେଶ୍ୱାର୍‌ଆଃ ଜୀନିଦ୍‌ ବାଚାନ୍‌",unx,M/Munda/New Testament — ପାର୍‌ମେଶ୍ୱାର୍‌ଆଃ ଜୀନିଦ୍‌ ବାଚାନ୍‌.html
N,"Nahuatl, Southeastern Puebla",New Testament,"Itlajtol Totajtsi Dios",nplNT,N/Nahuatl, Southeastern Puebla/New Testament — Itlajtol Totajtsi Dios.html
N,"Ndamba",New Testament,"Lilaghanu lya shonu",ndj,N/Ndamba/New Testament — Lilaghanu lya shonu.html
N,"Nguu",New Testament,"Ndagano mp'ya kwa wanth'u wose",ngp,N/Nguu/New Testament — Ndagano mp'ya kwa wanth'u wose.html
O,"Otomi, Querétaro",New Testament,"Àr 'ra'yo nkohi Jö har ñhöñhö maxei nto̱ngwi ár mahwifi har ha̱i m'onda ne har ñhömfo̱",otqNT,O/Otomi, Querétaro/New Testament — Àr 'ra'yo nkohi Jö har ñhöñhö maxei nto̱ngwi ár mahwifi har ha̱i m'onda ne har ñhömfo̱.html
P,"Parecís",New Testament,"Waitare Wenati Aho",pabNT,P/Parecís/New Testament — Waitare Wenati Aho.html
P,"Poqomchi'",New Testament,"Reꞌ Lokꞌ Laj Hu̱j Wilic wi̱ꞌ Ribiral i Jesus",pohNT,P/Poqomchi'/New Testament — Reꞌ Lokꞌ Laj Hu̱j Wilic wi̱ꞌ Ribiral i Jesus.html
Q,"Q'eqchi'",New Testament,"Li Santil hu",kekNT,Q/Q'eqchi'/New Testament — Li Santil hu.html
Q,"Quechua, North Bolivian",New Testament,"Mosoj Testamento",qulNT,Q/Quechua, North Bolivian/New Testament — Mosoj Testamento.html
R,"Rohingya",New Testament,"Kitabul Mukaddos or Injil Córif",rhgc,R/Rohingya/New Testament — Kitabul Mukaddos or Injil Córif.html
R,"Romanian",New Testament,"Biblia Liberă",ronbl,R/Romanian/New Testament — Biblia Liberă.html
R,"Romanian",New Testament,"Liber Sfanta Biblie",ronlsb,R/Romanian/New Testament — Liber Sfanta Biblie.html
S,"Sateré-Mawé",New Testament,"Tupana Ehay Satere Mawe Pusupuo",mavNT,S/Sateré-Mawé/New Testament — Tupana Ehay Satere Mawe Pusupuo.html
S,"Sholaga",New Testament,"ಕ್ಹುದಾನಿ ಕ್ಹರಿನಿ ವಾಕ್ಯಾ",sle,S/Sholaga/New Testament — ಕ್ಹುದಾನಿ ಕ್ಹರಿನಿ ವಾಕ್ಯಾ.html
T,"Tavoyan",New Testament,"ဓမ္မသစ်ကျမ်း ထားဝယ်ဘာသာစကား",tvn,T/Tavoyan/New Testament — ဓမ္မသစ်ကျမ်း ထားဝယ်ဘာသာစကား.html
T,"Terêna",New Testament,"Emo'u Itukó'oviti",terNT,T/Terêna/New Testament — Emo'u Itukó'oviti.html
Y,"Yansi",New Testament,"Bible Iyansi",yns,Y/Yansi/New Testament — Bible Iyansi.html
Z,"Zapotec, Yalálag",New Testament,"Diʼll danʼ nsaʼa yel nban (El Nuevo Testamento en el Zapoteco de Yalálag)",zpuNT,Z/Zapotec, Yalálag/New Testament — Diʼll danʼ nsaʼa yel nban (El Nuevo Testamento en el Zapoteco de Yalálag).html
#,"العهد الجديد بالدارجة التونسية 2022",New Testament,"العهد الجديد بالدارجة التونسية 2022",aeb,#/العهد الجديد بالدارجة التونسية 2022/New Testament — العهد الجديد بالدارجة التونسية 2022.html
#,"ಕನ್ನಡ",New Testament,"ದೆವಾಚಿ ಖರಿ ಖಬರ್",kans,#/ಕನ್ನಡ/New Testament — ದೆವಾಚಿ ಖರಿ ಖಬರ್.html
A,"Ajyíninka Apurucayali",New Testament,"KAMIITHARI ÑAANTSI",cpcNT,A/Ajyíninka Apurucayali/New Testament — KAMIITHARI ÑAANTSI.html
A,"Ashéninka, Pichis",New Testament,"KAMEETHARI ÑAANTSI: Iñaaventaitzirira Avinkatharite Jesucristo",cpuNT,A/Ashéninka, Pichis/New Testament — KAMEETHARI ÑAANTSI Iñaaventaitzirira Avinkatharite Jesucristo.html
A,"Ashéninka, Ucayali-yurúa",New Testament,"Kameethari Ñaantsi: ikenkitha-takoitziri awinkatharite Jesucristo; Owakerari aapatziya-wakagaantsi",cpbNT,A/Ashéninka, Ucayali-yurúa/New Testament — Kameethari Ñaantsi ikenkitha-takoitziri awinkatharite Jesucristo; Owakerari aapatziya-wakagaantsi.html
B,"Bhilali",New Testament,"भगवानेन छाचला बुल",bhi,B/Bhilali/New Testament — भगवानेन छाचला बुल.html
C,"Chinantec, Sochiapam",New Testament,"Jú¹ chú³² quioh²¹ Jesús tsá² lɨn³ Cristo",csoNT,C/Chinantec, Sochiapam/New Testament — Jú¹ chú³² quioh²¹ Jesús tsá² lɨn³ Cristo.html
C,"Coptic",New Testament,"القبطية العهد الجديد",copcnt,C/Coptic/New Testament — القبطية العهد الجديد.html
D,"Dombe",New Testament,"Dombe New Testament",dov,D/Dombe/New Testament — Dombe New Testament.html
E,"English",New Testament,"Tyndale New Testament",engtnt,E/English/New Testament — Tyndale New Testament.html
E,"Estonian, Standard",New Testament,"Biblica® Vaba kasutusega Uus Testament, Pühakiri kaasaegses eesti keeles",ekk,E/Estonian, Standard/New Testament — Biblica® Vaba kasutusega Uus Testament, Pühakiri kaasaegses eesti keeles.html
G,"Greek, Ancient",New Testament,"Η Καινή Διαθήκη",grcmt,G/Greek, Ancient/New Testament — Η Καινή Διαθήκη (grcmt).html
G,"Greek, Ancient",New Testament,"Η Καινή Διαθήκη",grctr,G/Greek, Ancient/New Testament — Η Καινή Διαθήκη (grctr).html
H,"Hebrew",New Testament,"הברית החדשה של סלקינסון",hebsg,H/Hebrew/New Testament — הברית החדשה של סלקינסון.html
I,"Ikizu",New Testament,"Ʉbhʉragɨ Ubhuhya Mʉkɨgambʉ chi Ikikiizʉ",ikz,I/Ikizu/New Testament — Ʉbhʉragɨ Ubhuhya Mʉkɨgambʉ chi Ikikiizʉ.html
I,"Iwam, Sepik",New Testament,"Yai Wɨn Kɨbiya",iws,I/Iwam, Sepik/New Testament — Yai Wɨn Kɨbiya.html
K,"K'iche'",New Testament,"RI KꞌAKꞌ TESTAMENTO PA TZIJOBꞌAL KꞌICHEꞌ",quctt,K/K'iche'/New Testament — RI KꞌAKꞌ TESTAMENTO PA TZIJOBꞌAL KꞌICHEꞌ.html
K,"Kaqchikel",New Testament,"GT:cak:Kaqchikel",cak,K/Kaqchikel/New Testament — GT cak Kaqchikel.html
L,"Lala",New Testament,"Luva'ana'i Namana Makamakana",nrz,L/Lala/New Testament — Luva'ana'i Namana Makamakana.html
L,"Luguru",New Testament,"Laghano Lya Sambi Kwe Iwanu Wose",ruf,L/Luguru/New Testament — Laghano Lya Sambi Kwe Iwanu Wose.html
M,"Magyar",New Testament,"Biblica® Nyitott Újszövetség: élet, igazság és világosság",hun,M/Magyar/New Testament — Biblica® Nyitott Újszövetség élet, igazság és világosság.html
M,"Makhuwa-Meetto",New Testament,"Makua New Testament 2015",mgh2016,M/Makhuwa-Meetto/New Testament — Makua New Testament 2015.html
M,"Mazatec, Huautla",New Testament,"Xon⁴-le⁴ ni³na¹ xi³ tʔa³tsʔe⁴ Jesucristo",mauNT,M/Mazatec, Huautla/New Testament — Xon⁴-le⁴ ni³na¹ xi³ tʔa³tsʔe⁴ Jesucristo.html
M,"Mixe, Juquila",New Testament,"Ja jembyʉ kajxy'átypyʉ mʉdʉ Jesukristʉkyʉjxm: El Nuevo Testamento de nuestro Señor Jesucristo en el mixe de Juquila",mxqNT,M/Mixe, Juquila/New Testament — Ja jembyʉ kajxy'átypyʉ mʉdʉ Jesukristʉkyʉjxm El Nuevo Testamento de nuestro Señor Jesucristo en el mixe de Juquila.html
M,"Mixtec, San Miguel el Grande",New Testament,"Mixtec, San Miguel el Grande",migNT,M/Mixtec, San Miguel el Grande/New Testament — Mixtec, San Miguel el Grande.html
M,"Māori",New Testament,"Te Kawenata Hou",mri,M/Māori/New Testament — Te Kawenata Hou.html
R,"Rangi",New Testament,"Rangi",lag,R/Rangi/New Testament — Rangi.html
T,"Teke-Tyee",New Testament,"Teke Sud-Ouest",tyx,T/Teke-Tyee/New Testament — Teke Sud-Ouest.html
T,"Tepehua, Tlachichilco",New Testament,"Ixchivinti Dios: ni sastʼi chivinti yu Dios jatʼatamakaul ixlapanakni laka lhimasipijni",tptNT,T/Tepehua, Tlachichilco/New Testament — Ixchivinti Dios ni sastʼi chivinti yu Dios jatʼatamakaul ixlapanakni laka lhimasipijni.html
U,"Uspanteko",New Testament,"Lok'laj Jyolj Kakaj Dios",uspNT,U/Uspanteko/New Testament — Lok'laj Jyolj Kakaj Dios.html
Y,"Yiddish, Eastern",New Testament,"דער ארטאדאקסישע יידישער ברית חדשה",ydd,Y/Yiddish, Eastern/New Testament — דער ארטאדאקסישע יידישער ברית חדשה.html
A,"Amo",New Testament,"Amo New Testament",amo,A/Amo/New Testament — Amo New Testament.html
B,"Balantak",New Testament,"Kitap molinas men ringkat na alaata'ala: perjanjian baru",blzNT,B/Balantak/New Testament — Kitap molinas men ringkat na alaata'ala perjanjian baru.html
B,"Bhunjia",New Testament,"भगवान कर सच्चा बचन",bhu,B/Bhunjia/New Testament — भगवान कर सच्चा बचन.html
B,"Buang, Mangga",New Testament,"Mangga Buang New Testament",mmo,B/Buang, Mangga/New Testament — Mangga Buang New Testament.html
C,"Coptic",New Testament,"القبطية البحيرية العهد الجديد",copbhc,C/Coptic/New Testament — القبطية البحيرية العهد الجديد.html
C,"Cuicatec, Tepeuxila",New Testament,"Nduudu nʼdai yeⁿʼe Ndyuūs yeⁿʼe cuicateco yeⁿʼe Tepeuxila",cuxNT,C/Cuicatec, Tepeuxila/New Testament — Nduudu nʼdai yeⁿʼe Ndyuūs yeⁿʼe cuicateco yeⁿʼe Tepeuxila.html
K,"Kaqchikel",New Testament,"Ri C'ac'ac' Testamento pa Kach'abel",cakWNT,K/Kaqchikel/New Testament — Ri C'ac'ac' Testamento pa Kach'abel.html
M,"Makaa",New Testament,"Kálaad Zɛmbî : Sɔ ̧ á Gúgwáan",mcp,M/Makaa/New Testament — Kálaad Zɛmbî Sɔ ̧ á Gúgwáan.html
M,"Mixtec, Coatzospan",New Testament,"Tūʼún xuva kō vatā ó ntákaʼan ña ñuú Coatzospan",mizNT,M/Mixtec, Coatzospan/New Testament — Tūʼún xuva kō vatā ó ntákaʼan ña ñuú Coatzospan.html
M,"Mixtec, Ocotepec",New Testament,"Nuevo Testamento en mixteco de Ocotepec",mieNT,M/Mixtec, Ocotepec/New Testament — Nuevo Testamento en mixteco de Ocotepec.html
N,"Ninzo",New Testament,"Ungbamvu Ku Abachi Azhi Ahe̲he̲ Ka",ninNT,N/Ninzo/New Testament — Ungbamvu Ku Abachi Azhi Ahe̲he̲ Ka.html
R,"Romani",New Testament,"I Biblija ki Arli romani čhib Srbija",rmna,R/Romani/New Testament — I Biblija ki Arli romani čhib Srbija.html
S,"Safwa",New Testament,"Biblia Takatifu",sbk,S/Safwa/New Testament — Biblia Takatifu.html
Z,"Zapotec, Mitla",New Testament,"Xtidxcoob Dios ni biädnä dad Jesucrist",zawNT,Z/Zapotec, Mitla/New Testament — Xtidxcoob Dios ni biädnä dad Jesucrist.html
Z,"Zaramo",New Testament,"Lagano da Isambi da Mndewa na Mkombola Wetu Yesu Kilisto",zaj,Z/Zaramo/New Testament — Lagano da Isambi da Mndewa na Mkombola Wetu Yesu Kilisto.html
A,"Apurinã",New Testament,"Teoso sãkire amaneri",apuNT,A/Apurinã/New Testament — Teoso sãkire amaneri.html
C,"Czech",New Testament,"Nova Bible Kralicka",cesnkb,C/Czech/New Testament — Nova Bible Kralicka.html
G,"Gourmanchéma",New Testament,"Bible Gourma",gux,G/Gourmanchéma/New Testament — Bible Gourma.html
H,"Huichol",New Testament,"Cacaüyari niuquieya xapayari türatu hecuame hepaüsita tatiʼaitüvame tasivicueisitüvame Quesusi Cürisitu miʼatüa",hchNT,H/Huichol/New Testament — Cacaüyari niuquieya xapayari türatu hecuame hepaüsita tatiʼaitüvame tasivicueisitüvame Quesusi Cürisitu miʼatüa.html
H,"Hwana",New Testament,"Hona Bible",hwo,H/Hwana/New Testament — Hona Bible.html
I,"Isanzu",New Testament,"Isanzu Bible",isn,I/Isanzu/New Testament — Isanzu Bible.html
K,"K'iche'",New Testament,"Ru Loqꞌ Pixabꞌ Ri Dios",qucNNT,K/K'iche'/New Testament — Ru Loqꞌ Pixabꞌ Ri Dios.html
K,"K'iche'",New Testament,"Ru Lokꞌ Pixab Ri Dios",qucTNT,K/K'iche'/New Testament — Ru Lokꞌ Pixab Ri Dios.html
M,"Miniafia",New Testament,"TUR GEWASIN O BAIBASIT BOUBUN",aai,M/Miniafia/New Testament — TUR GEWASIN O BAIBASIT BOUBUN.html
M,"Mixtec, Magdalena Peñasco",New Testament,"Tnu'u vii tnu'u va'a Su'si ma",xtmNTpp,M/Mixtec, Magdalena Peñasco/New Testament — Tnu'u vii tnu'u va'a Su'si ma.html
P,"Popoloca, San Juan Atzingo",New Testament,"Tí Nuevo Testamento cuènte Inchéni Jesucristo Cʼóna Nquìva",poeNT,P/Popoloca, San Juan Atzingo/New Testament — Tí Nuevo Testamento cuènte Inchéni Jesucristo Cʼóna Nquìva.html
P,"Popoluca, Highland",New Testament,"Jém jomipɨc trato jém iwatnewɨɨp tánomi Jesucristo",poiNT,P/Popoluca, Highland/New Testament — Jém jomipɨc trato jém iwatnewɨɨp tánomi Jesucristo.html
S,"Sea Island Creole English",New Testament,"De Nyew Testament",gulNT,S/Sea Island Creole English/New Testament — De Nyew Testament.html
S,"Slovak",New Testament,"Biblica® Nádej pre každého, verejne dostupné",slk,S/Slovak/New Testament — Biblica® Nádej pre každého, verejne dostupné.html
T,"Totonac, Upper Necaxa",New Testament,"Xasāstiʼ testamento (Xatze tachihuīn ixpālacata Jesucristo)",tkuNT,T/Totonac, Upper Necaxa/New Testament — Xasāstiʼ testamento (Xatze tachihuīn ixpālacata Jesucristo).html
T,"Totonac, Xicotepec De Juárez",New Testament,"Huan Xasāstiʼ testamento: Huan xatzey tachihuīn ixpālacata Jesucristo",tooNT,T/Totonac, Xicotepec De Juárez/New Testament — Huan Xasāstiʼ testamento Huan xatzey tachihuīn ixpālacata Jesucristo.html
W,"Waima",New Testament,"'Abi'uai Apa'uana Mahamahana",rro,W/Waima/New Testament — 'Abi'uai Apa'uana Mahamahana.html
Y,"Yaouré",New Testament,"Bali -le 'fluba 'trɛ Zozi blamin pli Bali man 'e 'pee",yreNT,Y/Yaouré/New Testament — Bali -le 'fluba 'trɛ Zozi blamin pli Bali man 'e 'pee.html
Z,"Zapotec, Lachixío",New Testament,"Stichia' Diose dialu",zplNT,Z/Zapotec, Lachixío/New Testament — Stichia' Diose dialu.html
A,"Apache, Western",New Testament,"The New Testament of our Lord and Saviour Jesus Christ",apwNT,A/Apache, Western/New Testament — The New Testament of our Lord and Saviour Jesus Christ.html
B,"Bedjond",New Testament,"KƗLӘ-MƗNDƗ KƗ SƗGƗ",bjvNT,B/Bedjond/New Testament — KƗLӘ-MƗNDƗ KƗ SƗGƗ.html
B,"Bu",New Testament,"Bu New Testament",jid,B/Bu/New Testament — Bu New Testament.html
E,"English",New Testament,"English Majority Text Version",engemtv,E/English/New Testament — English Majority Text Version.html
E,"English",New Testament,"Text-Critical English New Testament",engtcent,E/English/New Testament — Text-Critical English New Testament.html
G,"Greek, Ancient",New Testament,"Η Καινή Διαθήκη",grcf35,G/Greek, Ancient/New Testament — Η Καινή Διαθήκη (grcf35).html
G,"Greek, Ancient",New Testament,"Η Καινή Διαθήκη",grctcgnt,G/Greek, Ancient/New Testament — Η Καινή Διαθήκη (grctcgnt).html
K,"Kara",New Testament,"Kara Bible",reg,K/Kara/New Testament — Kara Bible.html
M,"Manam",New Testament,"Testamen Oauoau",mva,M/Manam/New Testament — Testamen Oauoau.html
M,"Mixtec, Atatláhuca",New Testament,"Nuevo Testamento en mixteco",mibNT,M/Mixtec, Atatláhuca/New Testament — Nuevo Testamento en mixteco.html
P,"Pahari, Mahasu",New Testament,"बघल्याणी नवां विधान",bfz,P/Pahari, Mahasu/New Testament — बघल्याणी नवां विधान.html
W,"Waorani",New Testament,"Wængonguï nänö Apæ̈negaïnö",aucNT,W/Waorani/New Testament — Wængonguï nänö Apæ̈negaïnö.html
Y,"Yine",New Testament,"Gerotu Tokanchi Gipiratkaluru",pibNT,Y/Yine/New Testament — Gerotu Tokanchi Gipiratkaluru.html
Z,"Zapotec, Cajonos",New Testament,"Dillꞌ wen dillꞌ   Kob C̱he   Jesucrístonaꞌ",zadNT,Z/Zapotec, Cajonos/New Testament — Dillꞌ wen dillꞌ Kob C̱he Jesucrístonaꞌ.html
Z,"Zoque, Francisco León",New Testament,"Jomepø Testamento",zosNT,Z/Zoque, Francisco León/New Testament — Jomepø Testamento.html
E,"English",New Testament,"The New Testament with Commentary",engf35,E/English/New Testament — The New Testament with Commentary.html
G,"Gayil",New Testament,"ክለ ጫቃ",gyl,G/Gayil/New Testament — ክለ ጫቃ.html
K,"Kaqchikel",New Testament,"Ri utzilaj rutzij ri Dios pa kachʼabel",cakNT,K/Kaqchikel/New Testament — Ri utzilaj rutzij ri Dios pa kachʼabel.html
V,"Vwanji",New Testament,"Vwanji Bible",wbi,V/Vwanji/New Testament — Vwanji Bible.html
W,"Warwar Feni",New Testament,"Konona Sunwar lo Yesus Kristus",hrw,W/Warwar Feni/New Testament — Konona Sunwar lo Yesus Kristus.html
Z,"Zapotec, San Juan Guelavía",New Testament,"Xtiidx Dios cun ditsa",zabNT,Z/Zapotec, San Juan Guelavía/New Testament — Xtiidx Dios cun ditsa.html
Z,"Zapotec, Santa María Quiegolani",New Testament,"Xdiiz Dëdyuzh kon disa",zapNT,Z/Zapotec, Santa María Quiegolani/New Testament — Xdiiz Dëdyuzh kon disa.html
J,"Janji",New Testament,"Janji Bible",jni,J/Janji/New Testament — Janji Bible.html
K,"Keapara",New Testament,"VEKAPAWAI VALIGUNA",khz,K/Keapara/New Testament — VEKAPAWAI VALIGUNA.html
N,"Naga, Kharam",New Testament,"The New Testament in Kharam",kfw,N/Naga, Kharam/New Testament — The New Testament in Kharam.html
N,"Nahuatl, Huasteca Oriental",New Testament,"Ya ni nopa yancuic tlajtoli tlen toteco toca mocajtoc; El Nuevo Testamento de nuestro Señor Jesucristo en el náhuatl de la Huasteca Oriental",nheNT,N/Nahuatl, Huasteca Oriental/New Testament — Ya ni nopa yancuic tlajtoli tlen toteco toca mocajtoc; El Nuevo Testamento de nuestro Señor Jesucristo en el náhuatl de .html
C,"Cung",New Testament,"Kiŋwakti ki Nyɔ Miŋkaiŋ Mifiaŋ",cug,C/Cung/New Testament — Kiŋwakti ki Nyɔ Miŋkaiŋ Mifiaŋ.html
M,"Mixe, Totontepec",New Testament,"Ya̱ʼa̱ tseʼe je̱ nam ko̱jtstán juuʼ veʼe je̱ Nteʼyamˍ xyaktaajnjimdu je̱ nMa̱j Vintsá̱namda Jesucristo ka̱jx",mtoNT,M/Mixe, Totontepec/New Testament — Ya̱ʼa̱ tseʼe je̱ nam ko̱jtstán juuʼ veʼe je̱ Nteʼyamˍ xyaktaajnjimdu je̱ nMa̱j Vintsá̱namda Jesucristo ka̱jx.html
N,"Nahuatl, Northern Oaxaca",New Testament,"Itlajtol totajtzin Dios = El Nuevo Testamento",nhyNT,N/Nahuatl, Northern Oaxaca/New Testament — Itlajtol totajtzin Dios = El Nuevo Testamento.html
N,"Ncane",New Testament,"Nchane (Ncane)",ncr,N/Ncane/New Testament — Nchane (Ncane).html
N,"Noone",New Testament,"Ŋwa' Nyo' Moŋkan mo Monfɛm",nhuNT,N/Noone/New Testament — Ŋwa' Nyo' Moŋkan mo Monfɛm.html
O,"Otomi, Mezquital",New Testament,"Ra 'Ra'yo Testamento",oteNT,O/Otomi, Mezquital/New Testament — Ra 'Ra'yo Testamento.html
S,"Sari",New Testament,"Sari",asj,S/Sari/New Testament — Sari.html
B,"Baiso",New Testament,"አማቶ ኦኡሱብ",bswe,B/Baiso/New Testament — አማቶ ኦኡሱብ.html
B,"Bekwel",New Testament,"Bekwel",bkw,B/Bekwel/New Testament — Bekwel.html
C,"Chin, Zyphe",New Testament,"Biahrai Tha, Zyphe rei",zypNT,C/Chin, Zyphe/New Testament — Biahrai Tha, Zyphe rei.html
K,"Kaqchikel",New Testament,"Re C'ac'a Testamento pa Kach'abal",cakYNT,K/Kaqchikel/New Testament — Re C'ac'a Testamento pa Kach'abal.html
S,"Sinaugoro",New Testament,"GINITAḠO VARIḠUNA",snc,S/Sinaugoro/New Testament — GINITAḠO VARIḠUNA.html
V,"Vaghri",New Testament,"పవిత్ర్ బైబిల్‍",vgr,V/Vaghri/New Testament — పవిత్ర్ బైబిల్‍.html
C,"Chinantec, Lalana",New Testament,"Júu² 'mɨɨn³² 'e³ ca²³ŋɨń² Dios",cnlNT,C/Chinantec, Lalana/New Testament — Júu² 'mɨɨn³² 'e³ ca²³ŋɨń² Dios.html
C,"Chinantec, Usila",New Testament,"Jau²³ hm²³ i⁴ra³tya²³ nei² quieh¹ re¹ Jesucristo quian⁴-¹",cucNT,C/Chinantec, Usila/New Testament — Jau²³ hm²³ i⁴ra³tya²³ nei² quieh¹ re¹ Jesucristo quian⁴-¹.html
F,"Fulfulde, Western Niger",New Testament,"Fulfulfe Burkina, Dewtere Laamɗo Amaana Keso",fuhbkf,F/Fulfulde, Western Niger/New Testament — Fulfulfe Burkina, Dewtere Laamɗo Amaana Keso.html
H,"Hdi",New Testament,"Deftera Lfiɗa Dzratawi",xed,H/Hdi/New Testament — Deftera Lfiɗa Dzratawi.html
H,"Huastec",New Testament,"An it jilchith cau cʼal i Ajatic Jesucristo",husNT1971,H/Huastec/New Testament — An it jilchith cau cʼal i Ajatic Jesucristo.html
I,"Ivbie North-Okpela-Arhe",New Testament,"Ebe-No-Pfuasẹ Ishobọ Onogbọ",atgNT,I/Ivbie North-Okpela-Arhe/New Testament — Ebe-No-Pfuasẹ Ishobọ Onogbọ.html
K,"Kaqchikel",New Testament,"Ri C'ac'a Trato ri Xuben ri Dios Quiq'uin ri Vinek",cakCNT,K/Kaqchikel/New Testament — Ri C'ac'a Trato ri Xuben ri Dios Quiq'uin ri Vinek.html
K,"Kaqchikel",New Testament,"RI DIOS NCH'O PA KACH'ABÜL CHEKE",cakENT,K/Kaqchikel/New Testament — RI DIOS NCH'O PA KACH'ABÜL CHEKE.html
M,"Merey",New Testament,"Dzam Weɗeye",meq,M/Merey/New Testament — Dzam Weɗeye.html
Q,"Quechua, North Junín",New Testament,"Tayta Diospa Guepacag Testamentun",qvnNT,Q/Quechua, North Junín/New Testament — Tayta Diospa Guepacag Testamentun.html
T,"Tepehua, Huehuetla",New Testament,"Ixchivinti Dios",teeNT,T/Tepehua, Huehuetla/New Testament — Ixchivinti Dios.html
Z,"Zapotec, Ocotlán",New Testament,"Dizaʼquë shtë Dios con dizë",zacNT,Z/Zapotec, Ocotlán/New Testament — Dizaʼquë shtë Dios con dizë.html
B,"Borna",New Testament,"Handr Taara",bwo,B/Borna/New Testament — Handr Taara.html
C,"Carrier, Southern",New Testament,"Yakʼusda bughunek: k’andit khunek neba lhaidinla",cafNT,C/Carrier, Southern/New Testament — Yakʼusda bughunek k’andit khunek neba lhaidinla.html
C,"Chinantec, Tepetotutla",New Testament,"Jag₁ ʼmɨ́₂ a₂ma₂lɨʼ₅₄ quianʼ₅₄ Diu₄",cntNT,C/Chinantec, Tepetotutla/New Testament — Jag₁ ʼmɨ́₂ a₂ma₂lɨʼ₅₄ quianʼ₅₄ Diu₄.html
F,"Faiwol",New Testament,"GOT WENG ABEM Alokso Abino Kalin",fai,F/Faiwol/New Testament — GOT WENG ABEM Alokso Abino Kalin.html
G,"Ghanongga",New Testament,"Kubokota Adapt New Testament",ghn,G/Ghanongga/New Testament — Kubokota Adapt New Testament.html
K,"Kenyang",New Testament,"Ɛkáti Nku Nkɔ",kenNT,K/Kenyang/New Testament — Ɛkáti Nku Nkɔ.html
M,"Mazatec, San Jerónimo Tecóatl",New Testament,"Mazatec, San Jerónimo Tecóatl",maaNT,M/Mazatec, San Jerónimo Tecóatl/New Testament — Mazatec, San Jerónimo Tecóatl.html
Z,"Zapotec, Santo Domingo Albarradas",New Testament,"Xtiidx Dios",zasNT,Z/Zapotec, Santo Domingo Albarradas/New Testament — Xtiidx Dios.html
Z,"Zapotec, Texmelucan",New Testament,"De riidz ni trat cub nu bicy nu Ñgyoozh mbecy: Salmos; Proverbios",zpzNTpp,Z/Zapotec, Texmelucan/New Testament — De riidz ni trat cub nu bicy nu Ñgyoozh mbecy Salmos; Proverbios.html
A,"Amuzgo, Guerrero",New Testament,"Ñʼoom xco na tqueⁿ tyʼo̱o̱tsʼom cantxja ʼnaaʼ Jesucristo",amuNT,A/Amuzgo, Guerrero/New Testament — Ñʼoom xco na tqueⁿ tyʼo̱o̱tsʼom cantxja ʼnaaʼ Jesucristo.html
G,"Garifuna",New Testament,"Lerérun Búngiu To Lánina Iséri Darádu",cabNT,G/Garifuna/New Testament — Lerérun Búngiu To Lánina Iséri Darádu.html
H,"Hrvatski",New Testament,"Biblica® Open Knjiga O Kristu",hrvbib,H/Hrvatski/New Testament — Biblica® Open Knjiga O Kristu.html
N,"Nahuatl, Highland Puebla",New Testament,"In cuali tajtoltzin de Dios",azzNT,N/Nahuatl, Highland Puebla/New Testament — In cuali tajtoltzin de Dios.html
P,"Popoloca, San Marcos Tlalcoyalco",New Testament,"Tti jian joajné Jesucristo",plsNT,P/Popoloca, San Marcos Tlalcoyalco/New Testament — Tti jian joajné Jesucristo.html
Q,"Quechua, Northern Conchucos Ancash",New Testament,"Señor Jesucristopa alli willacuynin",qxnNT,Q/Quechua, Northern Conchucos Ancash/New Testament — Señor Jesucristopa alli willacuynin.html
Y,"Yaka",New Testament,"New Testament in the Yaka language (Congo-Brazzaville)",iyx,Y/Yaka/New Testament — New Testament in the Yaka language (Congo-Brazzaville).html
Z,"Zapotec, Coatecas Altas",New Testament,"Widi'zh che'n Jesukrist kwa'n kinu yalnaban",zcaNT,Z/Zapotec, Coatecas Altas/New Testament — Widi'zh che'n Jesukrist kwa'n kinu yalnaban.html
B,"Bontok, Eastern",New Testament,"Nan kalen apo Dios (Nan fiarú ay turag)",ebk,B/Bontok, Eastern/New Testament — Nan kalen apo Dios (Nan fiarú ay turag).html
B,"Buang",New Testament,"Ġaġek Mewis",bzh,B/Buang/New Testament — Ġaġek Mewis.html
C,"Coptic",New Testament,"Sahidica - طبعة جديدة من العهد الجديد باللغة القبطية الصعيدية",copshc,C/Coptic/New Testament — Sahidica - طبعة جديدة من العهد الجديد باللغة القبطية الصعيدية.html
G,"Gowli",New Testament,"ದೆವಾಚಿ ಖರಿ ಕಬರ್",gok,G/Gowli/New Testament — ದೆವಾಚಿ ಖರಿ ಕಬರ್.html
M,"Miyobe",New Testament,"Nkomine Fal Ritɛlɛ́",soy,M/Miyobe/New Testament — Nkomine Fal Ritɛlɛ́.html
A,"Agutaynen",New Testament,"ANG BITALA TANG DIOS: Ba-long Inigoan",agn,A/Agutaynen/New Testament — ANG BITALA TANG DIOS Ba-long Inigoan.html
N,"Ngangam",New Testament,"Uwien ya Jɔtiefɛ̀nku ya gbɔnku",gngNT,N/Ngangam/New Testament — Uwien ya Jɔtiefɛ̀nku ya gbɔnku.html
P,"Palikúr",New Testament,"Uhokri Gannasan",plu,P/Palikúr/New Testament — Uhokri Gannasan.html
Z,"Zapotec, Chichicapan",New Testament,"Xchiʼdxyi cuubi dxiohs nin bieʼgaluuʼyi daada Jesucristu (El Nuevo Testamento en el zapoteco de Chichicapan y en español)",zpvNT,Z/Zapotec, Chichicapan/New Testament — Xchiʼdxyi cuubi dxiohs nin bieʼgaluuʼyi daada Jesucristu (El Nuevo Testamento en el zapoteco de Chichicapan y en español.html
Z,"Zapotec, Miahuatlán",New Testament,"Testament cub coʼ nac diʼs ndac cheʼn Tad Jesucrist",zamNT,Z/Zapotec, Miahuatlán/New Testament — Testament cub coʼ nac diʼs ndac cheʼn Tad Jesucrist.html
Z,"Zinza",New Testament,"Endagano Eénsha omu Chiziinza",zin,Z/Zinza/New Testament — Endagano Eénsha omu Chiziinza.html
B,"Blaan, Koronadal",New Testament,"I Falami Kasafnè (New Testament)",bpr,B/Blaan, Koronadal/New Testament — I Falami Kasafnè (New Testament).html
C,"Chavacano",New Testament,"El Nuevo Testamento",cbk,C/Chavacano/New Testament — El Nuevo Testamento.html
D,"Denya",New Testament,"Ŋwɛ menomenyɛɛ́ mekɛ́",anvNT,D/Denya/New Testament — Ŋwɛ menomenyɛɛ́ mekɛ́.html
G,"Gourmanchéma",New Testament,"Bible Gourmantche",guxg,G/Gourmanchéma/New Testament — Bible Gourmantche.html
M,"Mazatec, Chiquihuitlán",New Testament,"Compromisu xi majo xi casahmi nina cojo xuta (El Nuevo Testamento en el mazateco de Chiquihuitlán de Juárez ... y en español)",maqNT,M/Mazatec, Chiquihuitlán/New Testament — Compromisu xi majo xi casahmi nina cojo xuta (El Nuevo Testamento en el mazateco de Chiquihuitlán de Juárez ... y en esp.html
N,"Ndengereko",New Testament,"Ndengereko Bible",ndg,N/Ndengereko/New Testament — Ndengereko Bible.html
Z,"Zapotec, Ozolotepec",New Testament,"Diiz kuu ndyaadno yalnaban",zaoNT,Z/Zapotec, Ozolotepec/New Testament — Diiz kuu ndyaadno yalnaban.html
H,"Huastec",New Testament,"Nin tének káwintal an okˀóxláb",husNT2005,H/Huastec/New Testament — Nin tének káwintal an okˀóxláb.html
K,"Kisi",New Testament,"Kisi Bible",kiz,K/Kisi/New Testament — Kisi Bible.html
M,"Male",New Testament,"Maale New Testament",mdybse,M/Male/New Testament — Maale New Testament.html
M,"Mam",New Testament,"Acʼaj testamento (El Nuevo testamento in Mam de Todos Santos)",mamNT,M/Mam/New Testament — Acʼaj testamento (El Nuevo testamento in Mam de Todos Santos).html
P,"Pular",New Testament,"Version Pular Fuuta-Jallon",fuf,P/Pular/New Testament — Version Pular Fuuta-Jallon.html
T,"Tzotzil",New Testament,"TI ACHꞌ REXTOMENTO YUꞌUN TI JESUCRISTOE",tzotzc,T/Tzotzil/New Testament — TI ACHꞌ REXTOMENTO YUꞌUN TI JESUCRISTOE.html
C,"Chiquitano",New Testament,"Manitanati Tuparrü",caxNT,C/Chiquitano/New Testament — Manitanati Tuparrü.html
C,"Chol",New Testament,"I T’an Dios",ctuBl,C/Chol/New Testament — I T’an Dios.html
N,"Nederlands",New Testament,"Gods Boek",nldgbv,N/Nederlands/New Testament — Gods Boek.html
O,"Ono",New Testament,"Waom Yesu Wane Sigi Maep Don",ons,O/Ono/New Testament — Waom Yesu Wane Sigi Maep Don.html
P,"Paranan",New Testament,"En Maganda A Bareta Biblia",prfNT,P/Paranan/New Testament — En Maganda A Bareta Biblia.html
S,"Suba",New Testament,"Endagano Empia",sxbNT,S/Suba/New Testament — Endagano Empia.html
A,"Ayta, Mag-antsi",New Testament,"Ya habi ni apo namalyari: Bayon tsipan - Ayta Mag-antsi",sgb,A/Ayta, Mag-antsi/New Testament — Ya habi ni apo namalyari Bayon tsipan - Ayta Mag-antsi.html
C,"Chontal, Tabasco",New Testament,"U Chʼuʼul Tʼan Dios",chfNT,C/Chontal, Tabasco/New Testament — U Chʼuʼul Tʼan Dios.html
D,"Danu",New Testament,"ဓမ္မသစ်ကျမ်း ဓနုဘာသာစကား",dnv,D/Danu/New Testament — ဓမ္မသစ်ကျမ်း ဓနုဘာသာစကား.html
M,"Marik",New Testament,"Mata Ifenẽya Nẽ Od",dad,M/Marik/New Testament — Mata Ifenẽya Nẽ Od.html
S,"Sranan",New Testament,"Nyun Testamenti",srnNT,S/Sranan/New Testament — Nyun Testamenti.html
W,"Wuvalu-Aua",New Testament,"Wuvulu Manufau Fi'ugaia",wuv,W/Wuvalu-Aua/New Testament — Wuvulu Manufau Fi'ugaia.html
A,"Akawaio",New Testament,"Wakʉ Itekare: Emenna' Pe Ekonekan Nɨto'",akeNT,A/Akawaio/New Testament — Wakʉ Itekare Emenna' Pe Ekonekan Nɨto'.html
A,"Amuzgo, San Pedro Amuzgos",New Testament,"Jnʼoon xco na tquen tyoʼtsʼon",azgNT,A/Amuzgo, San Pedro Amuzgos/New Testament — Jnʼoon xco na tquen tyoʼtsʼon.html
D,"Duya",New Testament,"Ibibemuwe-Num Iyiki Ifa Ru Dũya",ldb,D/Duya/New Testament — Ibibemuwe-Num Iyiki Ifa Ru Dũya.html
I,"Inga",New Testament,"Kaipimi Taita Dius Rimaku",inb,I/Inga/New Testament — Kaipimi Taita Dius Rimaku.html
M,"Mandara",New Testament,"Mi Namani Tino",tbf,M/Mandara/New Testament — Mi Namani Tino.html
R,"Rakhine",New Testament,"ဓမ္မသစ်ကျမ်း ရခိုင်ဘာသာစကား",rki,R/Rakhine/New Testament — ဓမ္မသစ်ကျမ်း ရခိုင်ဘာသာစကား.html
W,"Waimaha",New Testament,"U̶mʉreco pacʉ wederique",baoNT,W/Waimaha/New Testament — U̶mʉreco pacʉ wederique.html
G,"Greek, Ancient",New Testament,"Η Καινή Διαθήκη",grc-tisch,G/Greek, Ancient/New Testament — Η Καινή Διαθήκη (grc-tisch).html
G,"Greek, Ancient",New Testament,"Η Καινή Διαθήκη",grcsbl,G/Greek, Ancient/New Testament — Η Καινή Διαθήκη (grcsbl).html
J,"Japanese",New Testament,"新改訳新約聖書(1965年版)",jpn1965,J/Japanese/New Testament — 新改訳新約聖書(1965年版).html
K,"Konai",New Testament,"Konai",kxw,K/Konai/New Testament — Konai.html
K,"Kwanga",New Testament,"Kwanga New Testament",kwj,K/Kwanga/New Testament — Kwanga New Testament.html
N,"Notsi",New Testament,"Inesaait Mamainaang Laa Sin Notsi",ncf,N/Notsi/New Testament — Inesaait Mamainaang Laa Sin Notsi.html
O,"Otomi, Tenango",New Testament,"Ja ua ra̱ ʼdaʼyo cohi bi gomi̱ Oja̱ yø ja̱ʼi̱",otnNT,O/Otomi, Tenango/New Testament — Ja ua ra̱ ʼdaʼyo cohi bi gomi̱ Oja̱ yø ja̱ʼi̱.html
A,"Awa",New Testament,"Manikáne O Ehwehne",awb,A/Awa/New Testament — Manikáne O Ehwehne.html
B,"Bhadrawahi",New Testament,"भड्लाई बाइबिल",bhd,B/Bhadrawahi/New Testament — भड्लाई बाइबिल.html
M,"Mape",New Testament,"Maŋkekerisiere Biŋe Quraŋ Jojofo Gariine",mlh,M/Mape/New Testament — Maŋkekerisiere Biŋe Quraŋ Jojofo Gariine.html
M,"Mauwake",New Testament,"YEESUS OPOR ELIWA",mhl,M/Mauwake/New Testament — YEESUS OPOR ELIWA.html
M,"Melo",New Testament,"ኦሮꬅ ጫቆ",mfxe,M/Melo/New Testament — ኦሮꬅ ጫቆ.html
M,"Melo",New Testament,"Oroth Caaqo",mfxl,M/Melo/New Testament — Oroth Caaqo.html
S,"Seimat",New Testament,"KAKAI HAEU",ssg,S/Seimat/New Testament — KAKAI HAEU.html
U,"Ura",New Testament,"Ama Iaräs Na Ngät Ama Rharesbane",uro,U/Ura/New Testament — Ama Iaräs Na Ngät Ama Rharesbane.html
F,"Fulfulde, Maasina",New Testament,"Aadi keyri: linjiila iisaa almasiihu",ffm,F/Fulfulde, Maasina/New Testament — Aadi keyri linjiila iisaa almasiihu.html
M,"Muyang",New Testament,"Ma Mʉweni Sulumani ge Melefit",muy,M/Muyang/New Testament — Ma Mʉweni Sulumani ge Melefit.html
T,"Tagakaulo",New Testament,"Tagakaulo New Testament",klg,T/Tagakaulo/New Testament — Tagakaulo New Testament.html
U,"Uare",New Testament,"Buka Zaḡoḡa Ḡoitore Iziga",ksj,U/Uare/New Testament — Buka Zaḡoḡa Ḡoitore Iziga.html
U,"Urim",New Testament,"Kla Weten A Maur Wailen Lam",urim,U/Urim/New Testament — Kla Weten A Maur Wailen Lam.html
Z,"Zaiwa",New Testament,"Chyoiyúng chyumlaiká: dangshikaq asik; Zaiwa",atbNT,Z/Zaiwa/New Testament — Chyoiyúng chyumlaiká dangshikaq asik; Zaiwa.html
Z,"Zanaki",New Testament,"Eriiragano Eriihya",zak,Z/Zanaki/New Testament — Eriiragano Eriihya.html
Z,"Zapotec, Amatlán",New Testament,"Wdizh kwaan nyaadno yalnaban",zpoNT,Z/Zapotec, Amatlán/New Testament — Wdizh kwaan nyaadno yalnaban.html
K,"Kenga",New Testament,"Kitapm kɛn Raa dɔɔko kiji ute jeege",kyq,K/Kenga/New Testament — Kitapm kɛn Raa dɔɔko kiji ute jeege.html
V,"Vaagri Booli",New Testament,"ದೇವ್ನಿ ಖ್ಹಾಚಿ ವಚನ್",vaa,V/Vaagri Booli/New Testament — ದೇವ್ನಿ ಖ್ಹಾಚಿ ವಚನ್.html
Y,"Yaqui",New Testament,"Yoʼowe Jesukrijtota itom yaʼariakaʼu betchiʼbo juʼu bemelaka liojta betana lutuʼuria yaʼari (El Nuevo Testamento en yaqui)",yaqNT,Y/Yaqui/New Testament — Yoʼowe Jesukrijtota itom yaʼariakaʼu betchiʼbo juʼu bemelaka liojta betana lutuʼuria yaʼari (El Nuevo Testamento en yaqu.html
C,"Chol",New Testament,"Jini wen bʌ tʼan",ctu76,C/Chol/New Testament — Jini wen bʌ tʼan.html
N,"Nahuatl, Michoacán",New Testament,"Ilajtulisli Yancuic toTata Jesucristo",nclNT,N/Nahuatl, Michoacán/New Testament — Ilajtulisli Yancuic toTata Jesucristo.html
A,"Abau",New Testament,"God so Sokior-ok Iwon",aau,A/Abau/New Testament — God so Sokior-ok Iwon.html
K,"Kolami, Southeastern",New Testament,"కొత్త కరార్",nit,K/Kolami, Southeastern/New Testament — కొత్త కరార్.html
K,"Kuna, Border",New Testament,"Pab tummad karta pab Jesucristobal igal-pin mezhijad",kvnNT,K/Kuna, Border/New Testament — Pab tummad karta pab Jesucristobal igal-pin mezhijad.html
M,"Mengen",New Testament,"Piunga Ba Bonga A Pau",mee,M/Mengen/New Testament — Piunga Ba Bonga A Pau.html
N,"Naro",New Testament,"Ka̱bas Qae-xg'ae sa",nhr,N/Naro/New Testament — Ka̱bas Qae-xg'ae sa.html
E,"Ese or Managalasi",New Testament,"Godoni Vu'a Maiu'ina",mcq,E/Ese or Managalasi/New Testament — Godoni Vu'a Maiu'ina.html
F,"Fanamaket",New Testament,"Fanamaket Baibel",bjp,F/Fanamaket/New Testament — Fanamaket Baibel.html
M,"Maiwa",New Testament,"GAE MATAIWA",mti,M/Maiwa/New Testament — GAE MATAIWA.html
M,"Manobo, Obo",New Testament,"Moppiyon Dinoggan, Moka-atag ki Disas Krays",oboNT,M/Manobo, Obo/New Testament — Moppiyon Dinoggan, Moka-atag ki Disas Krays.html
N,"Nahuatl, Guerrero",New Testament,"In yencuic iyectlajtoltzin Dios itech ica toTeco Jesucristo",nguNT,N/Nahuatl, Guerrero/New Testament — In yencuic iyectlajtoltzin Dios itech ica toTeco Jesucristo.html
N,"Nahuatl, Northern Puebla",New Testament,"In yancuic mononotzalistli ica Totecohtzin Jesucristo",ncjNT,N/Nahuatl, Northern Puebla/New Testament — In yancuic mononotzalistli ica Totecohtzin Jesucristo.html
T,"Tangoa",New Testament,"Tangoa New Testament",tgp,T/Tangoa/New Testament — Tangoa New Testament.html
M,"Mixe, Tlahuitoltepec",New Testament,"Ja øgyajpxy ja ømyadya̱ʼa̱ky midi xukpa̱a̱jtɨmp ja nɨtsoʼokʼajtɨn",mxpNT,M/Mixe, Tlahuitoltepec/New Testament — Ja øgyajpxy ja ømyadya̱ʼa̱ky midi xukpa̱a̱jtɨmp ja nɨtsoʼokʼajtɨn.html
Z,"Zapotec, Isthmus",New Testament,"Stiidxa Dios didxazá (El Nuevo Testamento de nuestro señor Jesucristo en el Zapoteco del Istmo)",zaiNT,Z/Zapotec, Isthmus/New Testament — Stiidxa Dios didxazá (El Nuevo Testamento de nuestro señor Jesucristo en el Zapoteco del Istmo).html
A,"Akoose",New Testament,"Melɛ̌ Mékɔ̄ɔ̄lē",bssNT,A/Akoose/New Testament — Melɛ̌ Mékɔ̄ɔ̄lē.html
G,"Gofa",New Testament,"ኦራꬃ ጫቁዋ ጎፋꬆ",gofENT,G/Gofa/New Testament — ኦራꬃ ጫቁዋ ጎፋꬆ.html
G,"Gofa",New Testament,"Ooratha Caaquwa Goofatho",gofRNT,G/Gofa/New Testament — Ooratha Caaquwa Goofatho.html
G,"Gofa",New Testament,"Gofa New Testament",gofwftw,G/Gofa/New Testament — Gofa New Testament.html
K,"Kuhane",New Testament,"Kuhane Bible",sbs,K/Kuhane/New Testament — Kuhane Bible.html
M,"Muinane",New Testament,"Moocaani iijɨ",bmrNT,M/Muinane/New Testament — Moocaani iijɨ.html
O,"Oyda",New Testament,"ክለ ጫቆ",oyde,O/Oyda/New Testament — ክለ ጫቆ.html
O,"Oyda",New Testament,"Kille Caaqo",oydl,O/Oyda/New Testament — Kille Caaqo.html
A,"Achi",New Testament,"I 'utz laj tzij re i dios",acr-acc,A/Achi/New Testament — I 'utz laj tzij re i dios.html
E,"Epena",New Testament,"Tachi ak'õre pedee",sjaNT,E/Epena/New Testament — Tachi ak'õre pedee.html
I,"Iyo",New Testament,"Iyo New Testament",nca,I/Iyo/New Testament — Iyo New Testament.html
M,"Mixtec, Chayuco",New Testament,"Tuhun Ndyoo sihin tyehen ñi",mihNT,M/Mixtec, Chayuco/New Testament — Tuhun Ndyoo sihin tyehen ñi.html
N,"Nalik",New Testament,"A Dorang Daxa Zin Nakmai",nal,N/Nalik/New Testament — A Dorang Daxa Zin Nakmai.html
S,"Saint Lucian Creole French",New Testament,"Tèstèman nèf-la: Épi an posyòn an liv samz-la",acfNT,S/Saint Lucian Creole French/New Testament — Tèstèman nèf-la Épi an posyòn an liv samz-la.html
Z,"Zapotec, Southern Rincon",New Testament,"Didzaʼ cub rucáʼn tsahuiʼ",zsrNT,Z/Zapotec, Southern Rincon/New Testament — Didzaʼ cub rucáʼn tsahuiʼ.html
H,"Huitoto, Minica",New Testament,"Juziñamui Ñuera Uai",hto,H/Huitoto, Minica/New Testament — Juziñamui Ñuera Uai.html
M,"Meitei",New Testament,"ANOUBA WAREPNABA",mni,M/Meitei/New Testament — ANOUBA WAREPNABA.html
T,"Takuu",New Testament,"Na Taratara TeAtua i naa taratara Takuu",nho,T/Takuu/New Testament — Na Taratara TeAtua i naa taratara Takuu.html
N,"Northwest Alaska Eskimo",New Testament,"Ipqitchuat Makpiġaat - Agaayyutim Uqałhi Iñupiatun",eskNT,N/Northwest Alaska Eskimo/New Testament — Ipqitchuat Makpiġaat - Agaayyutim Uqałhi Iñupiatun.html
L,"Lacandon",New Testament,"Lacandon",lacNT,L/Lacandon/New Testament — Lacandon.html
M,"Masbatenyo",New Testament,"An Maayo na Barita Hali sa Dios",msb,M/Masbatenyo/New Testament — An Maayo na Barita Hali sa Dios.html
N,"Nahuatl, Tetelcingo",New Testament,"El Nuevo Testamento en nahuatl de Tetelcingo",nhgNT,N/Nahuatl, Tetelcingo/New Testament — El Nuevo Testamento en nahuatl de Tetelcingo.html
V,"Vitu",New Testament,"Kalohua Kemi ke Iesus na Polea Vitu",wiv,V/Vitu/New Testament — Kalohua Kemi ke Iesus na Polea Vitu.html
C,"Chin, Daai",New Testament,"Dai Cangcim Kthai",dao,C/Chin, Daai/New Testament — Dai Cangcim Kthai.html
M,"Manobo, Matigsalug",New Testament,"Meupiya ne panugtulen: Bibliya ne Matigsalug",mbtNT,M/Manobo, Matigsalug/New Testament — Meupiya ne panugtulen Bibliya ne Matigsalug.html
P,"Patep",New Testament,"Yesu Xolac",ptp,P/Patep/New Testament — Yesu Xolac.html
Z,"Zapotec, Choapan",New Testament,"Xtiʼidzaʼ Diuzi",zpcNT,Z/Zapotec, Choapan/New Testament — Xtiʼidzaʼ Diuzi.html
C,"Capanahua",New Testament,"Noquen hihbaan joi",kaqNT,C/Capanahua/New Testament — Noquen hihbaan joi.html
M,"Mixtec, Pinotepa Nacional",New Testament,"Tutu chaa cha iyo cuenda ra hahnu Jesucristo (El Nuevo Testamento de nuestro señor Jesucristo)",mioNT,M/Mixtec, Pinotepa Nacional/New Testament — Tutu chaa cha iyo cuenda ra hahnu Jesucristo (El Nuevo Testamento de nuestro señor Jesucristo).html
Y,"Yemsa",New Testament,"ጋዶ ቴያ",jnje,Y/Yemsa/New Testament — ጋዶ ቴያ.html
Y,"Yemsa",New Testament,"Gaddo Teyya",jnjl,Y/Yemsa/New Testament — Gaddo Teyya.html
Y,"Yessan-Mayo",New Testament,"God Reri Teiktem Tuma Ager",yss-yamano,Y/Yessan-Mayo/New Testament — God Reri Teiktem Tuma Ager.html
A,"Algonquin",New Testament,"Kije Manido Odikido8in: Ocki Mazinaigan",alqALGNT,A/Algonquin/New Testament — Kije Manido Odikido8in Ocki Mazinaigan.html
G,"Gamit",New Testament,"ગામીત નોવો કરાર",gbl,G/Gamit/New Testament — ગામીત નોવો કરાર.html
M,"Mapudungun",New Testament,"Ngünechen ñi Küme Dungu",arnNT,M/Mapudungun/New Testament — Ngünechen ñi Küme Dungu.html
M,"Maya, Mopán",New Testament,"Le'ec Ada' U T'an A Dios A Tumulbene",mopNT,M/Maya, Mopán/New Testament — Le'ec Ada' U T'an A Dios A Tumulbene.html
M,"Mbuko",New Testament,"Mbuko: Aɓan 'am wiya awan",mqbNT,M/Mbuko/New Testament — Mbuko Aɓan 'am wiya awan.html
M,"Mixtec, San Juan Colorado",New Testament,"Tuhun tsaa tsa nacoo̱ jutu mañi yo Jesucristo tsi yo",mjcNT,M/Mixtec, San Juan Colorado/New Testament — Tuhun tsaa tsa nacoo̱ jutu mañi yo Jesucristo tsi yo.html
T,"Tawala",New Testament,"YAUBADA A WOGATALA WOUNA",tbo,T/Tawala/New Testament — YAUBADA A WOGATALA WOUNA.html
T,"Tepehuan, Southeastern",New Testament,"Gu ñio'ki'ñ gu Dios na bhaan tu a'ga guch xoi'kam",stpNT,T/Tepehuan, Southeastern/New Testament — Gu ñio'ki'ñ gu Dios na bhaan tu a'ga guch xoi'kam.html
U,"Uripiv-Wala-Rano-Atchin",New Testament,"Naul On Nga Mimerr Uripiv",upv,U/Uripiv-Wala-Rano-Atchin/New Testament — Naul On Nga Mimerr Uripiv.html
W,"Wipi",New Testament,"Wipi Yɨt God ma Yɨna Sisɨl Yɨna Peba",gdr,W/Wipi/New Testament — Wipi Yɨt God ma Yɨna Sisɨl Yɨna Peba.html
A,"Akateko",New Testament,"Ja' An Nuevo Testamento",knjNT,A/Akateko/New Testament — Ja' An Nuevo Testamento.html
T,"Tagin",New Testament,"ANWNV GAMLV",tgj,T/Tagin/New Testament — ANWNV GAMLV.html
T,"Tamang, Eastern",New Testament,"परमेश्वरला बचन छार कबुल",taj,T/Tamang, Eastern/New Testament — परमेश्वरला बचन छार कबुल.html
T,"Tol",New Testament,"Dios Tjevele Jupj 'Üsüs La Qjuisiji Jesucristo Mpes",jicNT,T/Tol/New Testament — Dios Tjevele Jupj 'Üsüs La Qjuisiji Jesucristo Mpes.html
Z,"Zapotec, Quioquitani-Quierí",New Testament,"Tiits nii xnee kyalmbañ; El Nuevo Testamento en el zapoteco de Quioquitani",ztqNT,Z/Zapotec, Quioquitani-Quierí/New Testament — Tiits nii xnee kyalmbañ; El Nuevo Testamento en el zapoteco de Quioquitani.html
H,"Hopi",New Testament,"God Lavayiyat Aṅ Puhuvasiwni",hopNT,H/Hopi/New Testament — God Lavayiyat Aṅ Puhuvasiwni.html
M,"Meramera",New Testament,"Laulau na Vinalu mine Salemo",mxm,M/Meramera/New Testament — Laulau na Vinalu mine Salemo.html
O,"Otomi, Estado de México",New Testament,"El Nuevo Testamento en otomí de San Felipe Santiago, Edo. de México",otsNT,O/Otomi, Estado de México/New Testament — El Nuevo Testamento en otomí de San Felipe Santiago, Edo. de México.html
T,"Totonac, Coyutla",New Testament,"Xasasti talacaxlan",tocNT,T/Totonac, Coyutla/New Testament — Xasasti talacaxlan.html
C,"Cerma",New Testament,"Diiloŋ-nelma Tobisĩfɛlɛnni",cmeNT,C/Cerma/New Testament — Diiloŋ-nelma Tobisĩfɛlɛnni.html
D,"Dongxiang",New Testament,"Hudani Kielien",sce,D/Dongxiang/New Testament — Hudani Kielien.html
C,"Caquinte",New Testament,"Iroaquerari Itioncacaantaqueca Aapani Irioshi: Tsavetacoquerica Amajirote Jesoquirishito",cotNT,C/Caquinte/New Testament — Iroaquerari Itioncacaantaqueca Aapani Irioshi Tsavetacoquerica Amajirote Jesoquirishito.html
A,"Agarabi",New Testament,"YISASINI KAMA VAYA",agd,A/Agarabi/New Testament — YISASINI KAMA VAYA.html
E,"East Kewa",New Testament,"Gotena Epe Agale",kjs,E/East Kewa/New Testament — Gotena Epe Agale.html
H,"Haryanvi",New Testament,"हरियाणवी बाइबिल",bgc,H/Haryanvi/New Testament — हरियाणवी बाइबिल.html
J,"Jakalteko",New Testament,"Nuevo Testamento yin̈ abxubal",jacNT,J/Jakalteko/New Testament — Nuevo Testamento yin̈ abxubal.html
K,"Kaingang",New Testament,"Topẽ vĩ rá",kgpNT,K/Kaingang/New Testament — Topẽ vĩ rá.html
M,"Mixtec, Jamiltepec",New Testament,"Tuhun cha sañahá ra Jesucristo chi yo",mxtNT,M/Mixtec, Jamiltepec/New Testament — Tuhun cha sañahá ra Jesucristo chi yo.html
W,"Wolof",New Testament,"Téereb Injiil",wol2010,W/Wolof/New Testament — Téereb Injiil.html
A,"Alaba-K'abeena",New Testament,"ሃዕሮ ወኣድ መጻፈ",alw,A/Alaba-K'abeena/New Testament — ሃዕሮ ወኣድ መጻፈ.html
A,"Arrarnta, Western",New Testament,"Altjirraka angkatja - Arrarnturna kngartiwukala",are,A/Arrarnta, Western/New Testament — Altjirraka angkatja - Arrarnturna kngartiwukala.html
A,"Awa-Cuaiquer",New Testament,"Masas Pit Jesucristowa",kwi,A/Awa-Cuaiquer/New Testament — Masas Pit Jesucristowa.html
A,"Amanab",New Testament,"Godna mo Awai mona go",amn-amanab,A/Amanab/New Testament — Godna mo Awai mona go.html
A,"Amanab",New Testament,"Godna mo Awai mona go",amn-n,A/Amanab/New Testament — Godna mo Awai mona go (amn-n).html
C,"Chatino, Tataltepec",New Testament,"Chaʼ tsoʼo nu nchcuiʼ jiʼi̱ Jesucristo nu xuʼna na",ctaNT,C/Chatino, Tataltepec/New Testament — Chaʼ tsoʼo nu nchcuiʼ jiʼi̱ Jesucristo nu xuʼna na.html
N,"Nafe",New Testament,"Nǝkukuǝ Ikinan",tnk,N/Nafe/New Testament — Nǝkukuǝ Ikinan.html
N,"Naga, Tutsa",New Testament,"Esa Leedap Ena Banlam",tvt,N/Naga, Tutsa/New Testament — Esa Leedap Ena Banlam.html
G,"Guaraní, Western Bolivian",New Testament,"Nuevo Testamento Guaraní Pe",gnwNT,G/Guaraní, Western Bolivian/New Testament — Nuevo Testamento Guaraní Pe.html
K,"Kalinga, Limos",New Testament,"Ugud apudyus = Ti baro tulag",kmk,K/Kalinga, Limos/New Testament — Ugud apudyus = Ti baro tulag.html
P,"Polish",New Testament,"Biblica® Słowo Życia, otwarty dostęp",polsz,P/Polish/New Testament — Biblica® Słowo Życia, otwarty dostęp.html
T,"Triqui, Copala",New Testament,"Se-nānā Diosē nanā sāʼ me rá catūū nimán níʼ a",trcNT,T/Triqui, Copala/New Testament — Se-nānā Diosē nanā sāʼ me rá catūū nimán níʼ a.html
B,"Bine",New Testament,"Ireclota Mene",bon,B/Bine/New Testament — Ireclota Mene.html
G,"Guaraní, Eastern Bolivian",New Testament,"Nuevo Testamento Guaraní Pe",guiNT,G/Guaraní, Eastern Bolivian/New Testament — Nuevo Testamento Guaraní Pe.html
S,"Secoya",New Testament,"Maija'quë Huajë Ca Nëose'e",seyNT,S/Secoya/New Testament — Maija'quë Huajë Ca Nëose'e.html
C,"Chatino, Western Highland",New Testament,"Chaʼ suʼwe nu nchkwiʼ chaʼ ʼin Jesucristo nu nka xʼnaan",ctpNT,C/Chatino, Western Highland/New Testament — Chaʼ suʼwe nu nchkwiʼ chaʼ ʼin Jesucristo nu nka xʼnaan.html
M,"Mi'kmaq",New Testament,"Gelulg Glusuaqan: Gisiteget Agnutmugsi'gw",micMIQNT,M/Mi'kmaq/New Testament — Gelulg Glusuaqan Gisiteget Agnutmugsi'gw.html
A,"Arabela",New Testament,"Quiarinio pueyaso rupaa pa jiyaniijia Jesucristojiniji pueyano rupaajinia",arlNT,A/Arabela/New Testament — Quiarinio pueyaso rupaa pa jiyaniijia Jesucristojiniji pueyano rupaajinia.html
B,"Buamu",New Testament,"Dónbeenì páaníi fĩnle vũahṹ",boxNT,B/Buamu/New Testament — Dónbeenì páaníi fĩnle vũahṹ.html
D,"Dangaléat",New Testament,"Jamaw ta Marbinto: Kabarre ta Gala ɗo bi ka Iisa Masi iŋ daŋla",daaNT,D/Dangaléat/New Testament — Jamaw ta Marbinto Kabarre ta Gala ɗo bi ka Iisa Masi iŋ daŋla.html
L,"Lote",New Testament,"Tomunga Hel Heueu Ngana",uvl,L/Lote/New Testament — Tomunga Hel Heueu Ngana.html
M,"Maskelynes",New Testament,"Nasoruan siGot len nasoruan ta Uluveu",klv,M/Maskelynes/New Testament — Nasoruan siGot len nasoruan ta Uluveu.html
S,"Sakachep",New Testament,"Pathien Lekhabu Inthieng Chongtung Thar",sch,S/Sakachep/New Testament — Pathien Lekhabu Inthieng Chongtung Thar.html
B,"Bugun",New Testament,"Iwo Surua Mua Wie Pha Bible",bgg,B/Bugun/New Testament — Iwo Surua Mua Wie Pha Bible.html
C,"Chácobo",New Testament,"Dios Chani",caoNT,C/Chácobo/New Testament — Dios Chani.html
G,"Golin",New Testament,"Golin New Testament",gvf,G/Golin/New Testament — Golin New Testament.html
M,"Maxakalí",New Testament,"Topa Yõg Tappet",mblNT,M/Maxakalí/New Testament — Topa Yõg Tappet.html
M,"Mixtec, Peñoles",New Testament,"Tnúhu ní cáháⁿ yǎ ndiǒxí xito cùu uú",milNT,M/Mixtec, Peñoles/New Testament — Tnúhu ní cáháⁿ yǎ ndiǒxí xito cùu uú.html
T,"Totonac, Highland",New Testament,"Hua̱ xasa̱sti talacca̱xlan quinTla̱tican Jesucristo",tosNT,T/Totonac, Highland/New Testament — Hua̱ xasa̱sti talacca̱xlan quinTla̱tican Jesucristo.html
U,"Ulithian",New Testament,"Bogtag we ye Tefoy",uli,U/Ulithian/New Testament — Bogtag we ye Tefoy.html
A,"Ama",New Testament,"Kotoni Imo Itouniyaimo",amm,A/Ama/New Testament — Kotoni Imo Itouniyaimo.html
I,"Inabaknon",New Testament,"I Baha'o Kasuratan",abx,I/Inabaknon/New Testament — I Baha'o Kasuratan.html
N,"Nukumanu",New Testament,"Nukumanu",nuq,N/Nukumanu/New Testament — Nukumanu.html
T,"Tsikimba",New Testament,"Kazuwamgbani ka savu n Tsikimba n aɓon a ɗa a ɗanga̱sai a kazuwamgbani ka cau",kdlNT,T/Tsikimba/New Testament — Kazuwamgbani ka savu n Tsikimba n aɓon a ɗa a ɗanga̱sai a kazuwamgbani ka cau.html
O,"Ogea",New Testament,"ITOU NOMO HILOU BEELE",eri,O/Ogea/New Testament — ITOU NOMO HILOU BEELE.html
O,"Omie",New Testament,"God-are Jögoru I'oho",aom,O/Omie/New Testament — God-are Jögoru I'oho.html
Q,"Quechua, South Bolivian",New Testament,"Dios Parlapawanchej",quhNT,Q/Quechua, South Bolivian/New Testament — Dios Parlapawanchej.html
K,"Kinga",Portions,"Mahanji Bible",zgam,K/Kinga/Portions — Mahanji Bible.html
T,"Tiruray",New Testament,"I Fiyowe Uret",tiy,T/Tiruray/New Testament — I Fiyowe Uret.html
B,"Barok",New Testament,"A Xuxubus Maxat",bjk,B/Barok/New Testament — A Xuxubus Maxat.html
D,"Dinka, Southwestern",New Testament,"Lëk yam",dikNT,D/Dinka, Southwestern/New Testament — Lëk yam.html
M,"Mangseng",New Testament,"God Ile Riong Kinnga Ponganga nge Mangsengre Okei",mbh,M/Mangseng/New Testament — God Ile Riong Kinnga Ponganga nge Mangsengre Okei.html
T,"Tsishingini",New Testament,"Nzuwulai n Sa'avu na̱ Tsishingini na̱ a̱ɗiva̱ a na a ɗangulai a Nzuwulai mu Ufaru",tswNT,T/Tsishingini/New Testament — Nzuwulai n Sa'avu na̱ Tsishingini na̱ a̱ɗiva̱ a na a ɗangulai a Nzuwulai mu Ufaru.html
T,"Tz'utujil",New Testament,"Ja Cꞌacꞌa Chominem",tzjNT,T/Tz'utujil/New Testament — Ja Cꞌacꞌa Chominem.html
T,"Tz'utujil",New Testament,"Cꞌacꞌ Chuminem",tzjE,T/Tz'utujil/New Testament — Cꞌacꞌ Chuminem.html
C,"Chipaya",New Testament,"Ew Testamento: Chipay Tawkquiztan",capNT,C/Chipaya/New Testament — Ew Testamento Chipay Tawkquiztan.html
F,"Fore",New Testament,"Fore New Testament",for,F/Fore/New Testament — Fore New Testament.html
K,"Konkomba",New Testament,"Uwumbɔr aagbaŋ",xon,K/Konkomba/New Testament — Uwumbɔr aagbaŋ.html
M,"Mokole",New Testament,"Akabuu Titɔ̃i Idei Ilaaɔ",mkl,M/Mokole/New Testament — Akabuu Titɔ̃i Idei Ilaaɔ.html
S,"Saliba",New Testament,"Yaubada wasana: Buka Hauhauna tupwana",sbe,S/Saliba/New Testament — Yaubada wasana Buka Hauhauna tupwana.html
L,"Label",New Testament,"A Wakak a Warwara ane God",lbb,L/Label/New Testament — A Wakak a Warwara ane God.html
S,"Siona",New Testament,"Riusu cocabera: mai ëjaguë Jesucristo ba'iyete toyani jo'case'e'ë",snnNT,S/Siona/New Testament — Riusu cocabera mai ëjaguë Jesucristo ba'iyete toyani jo'case'e'ë.html
A,"Ambai",New Testament,"Sempaisi Ne Kaiwo Mirarebanai",amk,A/Ambai/New Testament — Sempaisi Ne Kaiwo Mirarebanai.html
B,"Balangao",New Testament,"Hen alen Apudyus",blw,B/Balangao/New Testament — Hen alen Apudyus.html
B,"Bolinao",New Testament,"Si Biblia",smkNT,B/Bolinao/New Testament — Si Biblia.html
M,"Mixtec, Yosondúa",New Testament,"Nuevo Testamento en mixteco de Yosondúa",mpmNT,M/Mixtec, Yosondúa/New Testament — Nuevo Testamento en mixteco de Yosondúa.html
C,"Camsá",New Testament,"Bëngbe Bëtsa Cabëngaftaca Entsoyebuambna",kbh,C/Camsá/New Testament — Bëngbe Bëtsa Cabëngaftaca Entsoyebuambna.html
N,"Nakanai",New Testament,"Nakanai New Testament",nak,N/Nakanai/New Testament — Nakanai New Testament.html
S,"Suena",New Testament,"TUA YESU KRISTORA OZIGA EWANANA",sue,S/Suena/New Testament — TUA YESU KRISTORA OZIGA EWANANA.html
Z,"Zia",New Testament,"TUWA YESU KRISTORA BOWI IWAING",zia,Z/Zia/New Testament — TUWA YESU KRISTORA BOWI IWAING.html
A,"'Auhelawa",New Testament,"YAUBADA YANA WALO YEMIDI VAUVAUNA",kud,A/'Auhelawa/New Testament — YAUBADA YANA WALO YEMIDI VAUVAUNA.html
I,"Ixil",New Testament,"Viakʼla txumbʼal u tioxh",ixlCNT,I/Ixil/New Testament — Viakʼla txumbʼal u tioxh.html
K,"Kagayanen",New Testament,"Pulong ta Dyos: Genesis daw bag-o na kasugtanan",cgc,K/Kagayanen/New Testament — Pulong ta Dyos Genesis daw bag-o na kasugtanan.html
P,"Portuguese",New Testament,"A Bíblia Sagrada, Tradução para Tradutores",portft,P/Portuguese/New Testament — A Bíblia Sagrada, Tradução para Tradutores.html
W,"Waffa",New Testament,"Karaasa Yeena Rau Kioo Kuaivovee",waj,W/Waffa/New Testament — Karaasa Yeena Rau Kioo Kuaivovee.html
A,"’Auhelawa",New Testament,"Yaubada Yana Walo Yemidi Vauvauna",kud2014,A/’Auhelawa/New Testament — Yaubada Yana Walo Yemidi Vauvauna.html
W,"Wapishana",New Testament,"Kaimana'o Tominkaru Paradan",wapNT,W/Wapishana/New Testament — Kaimana'o Tominkaru Paradan.html
W,"Weri",New Testament,"NGÖNËN PEPEWER",wer,W/Weri/New Testament — NGÖNËN PEPEWER.html
D,"Dobu",New Testament,"Loina Tabu Auwauna",dob,D/Dobu/New Testament — Loina Tabu Auwauna.html
K,"Konda-Dora",Portions,"ମାପୁରୁଦି ସତ୍‌ ବାକ୍ୟ",kfcp,K/Konda-Dora/Portions — ମାପୁରୁଦି ସତ୍‌ ବାକ୍ୟ.html
Z,"Zapotec, Sierra de Juárez",New Testament,"Ca titsaʼ de laʼlabani para iyate ca enneʼ",zaaNT,Z/Zapotec, Sierra de Juárez/New Testament — Ca titsaʼ de laʼlabani para iyate ca enneʼ.html
Z,"Zapotec, Zoogocho",New Testament,"Dižaʼ güen c̱he ancho Jesucristo",zpqNT,Z/Zapotec, Zoogocho/New Testament — Dižaʼ güen c̱he ancho Jesucristo.html
T,"Turkish",New Testament,"Open Basic Turkish New Testament",turobt,T/Turkish/New Testament — Open Basic Turkish New Testament.html
C,"Chinantec, Comaltepec",New Testament,"Júu ʼmɨ́ɨ e cacuo fidiée",ccoNT,C/Chinantec, Comaltepec/New Testament — Júu ʼmɨ́ɨ e cacuo fidiée.html
D,"Dawawa",New Testament,"Vari Verenama",dww,D/Dawawa/New Testament — Vari Verenama.html
N,"Nadeb",New Testament,"Pop Hagä Do Panyyg Hanäm Do Hahỹỹh",mbjNT,N/Nadeb/New Testament — Pop Hagä Do Panyyg Hanäm Do Hahỹỹh.html
T,"Tarahumara, Western",New Testament,"Onorúgame nila ra'íchali",tacNT,T/Tarahumara, Western/New Testament — Onorúgame nila ra'íchali.html
N,"Nehan",New Testament,"Nehan New Testament",nsn,N/Nehan/New Testament — Nehan New Testament.html
T,"Tunebo, Central",New Testament,"Sir chihtá",tuf,T/Tunebo, Central/New Testament — Sir chihtá.html
C,"Chinantec, Quiotepec",New Testament,"Juu³ tyʉ² ʼe gafaaʼ²¹ Dios tyaʼ tsá²",chqNT,C/Chinantec, Quiotepec/New Testament — Juu³ tyʉ² ʼe gafaaʼ²¹ Dios tyaʼ tsá².html
R,"Rotokas",New Testament,"AIREPA VAE REO OVOI",roo,R/Rotokas/New Testament — AIREPA VAE REO OVOI.html
T,"Totonac, Papantla",New Testament,"Xasasti talaccaxlan",topNT,T/Totonac, Papantla/New Testament — Xasasti talaccaxlan.html
A,"Angaataha",New Testament,"Autaahaatɨhomɨ Pɨwɨha Gaaha Wanɨha",agm,A/Angaataha/New Testament — Autaahaatɨhomɨ Pɨwɨha Gaaha Wanɨha.html
C,"Cuiba",New Testament,"Nacom Pejume Diwesi po diwesi pena jume diwesi xua Jesucristo yabara tinatsi",cui,C/Cuiba/New Testament — Nacom Pejume Diwesi po diwesi pena jume diwesi xua Jesucristo yabara tinatsi.html
M,"Mixtec, Diuxi-tilantongo",New Testament,"Tnuʼu vaʼa tnuʼu Jesucristo",xtdNT,M/Mixtec, Diuxi-tilantongo/New Testament — Tnuʼu vaʼa tnuʼu Jesucristo.html
Y,"Yessan-Mayo",New Testament,"GOD ETER AGERKE NAMDERASEM TUMA YENBO",yss-yawu,Y/Yessan-Mayo/New Testament — GOD ETER AGERKE NAMDERASEM TUMA YENBO.html
B,"Baeggu",New Testament,"Na Alangaia Falu 'ana Baea 'i Baegu",bvd,B/Baeggu/New Testament — Na Alangaia Falu 'ana Baea 'i Baegu.html
M,"Migabac",New Testament,"Migabac Bible Portions",mpp,M/Migabac/New Testament — Migabac Bible Portions.html
O,"Olo",New Testament,"Il Teingipe Ma Ili Topwepe Lapiri Lirouku",ong,O/Olo/New Testament — Il Teingipe Ma Ili Topwepe Lapiri Lirouku.html
A,"Arop-Lokep",New Testament,"Rau Ke Maro",apr,A/Arop-Lokep/New Testament — Rau Ke Maro.html
B,"Bhattiyali",New Testament,"भटियाली नोआ नियम",bht,B/Bhattiyali/New Testament — भटियाली नोआ नियम.html
M,"Mamasa",New Testament,"Buku Masero: Pa'dandi Bakaru",mqjNT,M/Mamasa/New Testament — Buku Masero Pa'dandi Bakaru.html
W,"Whitesands",New Testament,"Nauəuə Asim Rəha Uhgɨn Nəmtətiən Vi",tnp,W/Whitesands/New Testament — Nauəuə Asim Rəha Uhgɨn Nəmtətiən Vi.html
G,"Guarayu",New Testament,"Tũpa Ñehengagüer",gyrNT,G/Guarayu/New Testament — Tũpa Ñehengagüer.html
Q,"Quechua, Huaylas Ancash",New Testament,"Teyta Diospa Mushoq Testamentun",qwhNT,Q/Quechua, Huaylas Ancash/New Testament — Teyta Diospa Mushoq Testamentun.html
A,"Alekano or Gahuku",New Testament,"Monoq Gotola Gosohaq",gah,A/Alekano or Gahuku/New Testament — Monoq Gotola Gosohaq.html
G,"Guahibo",New Testament,"Dios pejumelivaisibaxuto pejanalivaisibaxuto",guh,G/Guahibo/New Testament — Dios pejumelivaisibaxuto pejanalivaisibaxuto.html
S,"Sirionó",New Testament,"Mbia Cheẽ",srqNT,S/Sirionó/New Testament — Mbia Cheẽ.html
W,"Woun Meu",New Testament,"Ẽwandam Iek",noaE,W/Woun Meu/New Testament — Ẽwandam Iek.html
W,"Woun Meu",New Testament,"Hẽwandam Hiek",noaH,W/Woun Meu/New Testament — Hẽwandam Hiek.html
Y,"Yaweyuha",New Testament,"Yaweyuha New Testament",yby,Y/Yaweyuha/New Testament — Yaweyuha New Testament.html
N,"North Tanna",New Testament,"North Tanna New Testament",tnn,N/North Tanna/New Testament — North Tanna New Testament.html
M,"Macushi",New Testament,"Macushi",mbcNT,M/Macushi/New Testament — Macushi.html
M,"Mam",New Testament,"Mam Central (Comitancillo)",mamC,M/Mam/New Testament — Mam Central (Comitancillo).html
Y,"Yucuna",New Testament,"Tupana Puraca'alo Mari",ycn,Y/Yucuna/New Testament — Tupana Puraca'alo Mari.html
A,"Au",New Testament,"Hɨm Yaaim Me God",avt,A/Au/New Testament — Hɨm Yaaim Me God.html
B,"Bunama",New Testament,"LOINA HAUHAUNA",bdd,B/Bunama/New Testament — LOINA HAUHAUNA.html
K,"Kouya",New Testament,"ʼWʋsuslolue loluu ʼsɛbhɛ",kyf,K/Kouya/New Testament — ʼWʋsuslolue loluu ʼsɛbhɛ.html
K,"Kwaio",New Testament,"Fatalana God",kwd,K/Kwaio/New Testament — Fatalana God.html
T,"Tuyuca",New Testament,"Cõãmacʉ̃ mecʉ̃ã wedesei",tue,T/Tuyuca/New Testament — Cõãmacʉ̃ mecʉ̃ã wedesei.html
N,"Nkonya",New Testament,"Bulu ntam pɔpwɛ; Nkonya",nkoNT,N/Nkonya/New Testament — Bulu ntam pɔpwɛ; Nkonya.html
E,"Eastern Maroon Creole",New Testament,"Beibel: okanisi tongo",djkNT,E/Eastern Maroon Creole/New Testament — Beibel okanisi tongo.html
T,"Tairora, South",New Testament,"QARAAKYA QUA TIMWATORA",omw,T/Tairora, South/New Testament — QARAAKYA QUA TIMWATORA.html
W,"Wala",New Testament,"Alafuuna Fa'alu Ala Saena 'I Wala",lgl,W/Wala/New Testament — Alafuuna Fa'alu Ala Saena 'I Wala.html
S,"Salt-Yui",New Testament,"Salt-Yui New Testament",sll,S/Salt-Yui/New Testament — Salt-Yui New Testament.html
C,"Caluyanun",New Testament,"Anang ambal ang Dios: Magandang balita Biblia",clu,C/Caluyanun/New Testament — Anang ambal ang Dios Magandang balita Biblia.html
K,"Kara",New Testament,"Kara New Testament",leu,K/Kara/New Testament — Kara New Testament.html
L,"Limbu",New Testament,"ᤏᤡᤱᤘᤠ᤹ᤑᤢ ᤐᤠ᤺ᤴᤈᤠᤰ ᤁᤢᤛᤱ ᤔᤠᤱᤜᤢᤵ",lifNT,L/Limbu/New Testament — ᤏᤡᤱᤘᤠ᤹ᤑᤢ ᤐᤠ᤺ᤴᤈᤠᤰ ᤁᤢᤛᤱ ᤔᤠᤱᤜᤢᤵ.html
L,"Limbu",New Testament,"Yesu khristarɛ kunisaam",lifNT2,L/Limbu/New Testament — Yesu khristarɛ kunisaam.html
B,"Bwaidoka",New Testament,"Yaubada Yana Veyavo Anawai Evaguna",bwd,B/Bwaidoka/New Testament — Yaubada Yana Veyavo Anawai Evaguna.html
P,"Piapoco",New Testament,"El Nuevo Testamento de nuestro Señor Jesucristo en el idioma piapoco",pioNT,P/Piapoco/New Testament — El Nuevo Testamento de nuestro Señor Jesucristo en el idioma piapoco.html
O,"Otomi, Eastern Highland",New Testament,"Ra ʼdaʼyonhogui nangue ma Hmuhʉ ra Jesucristo",otmNT,O/Otomi, Eastern Highland/New Testament — Ra ʼdaʼyonhogui nangue ma Hmuhʉ ra Jesucristo.html
Q,"Qaqet",New Testament,"A SLURLKA AA LANGINKA AMA IAMESKA",byx,Q/Qaqet/New Testament — A SLURLKA AA LANGINKA AMA IAMESKA.html
B,"Binukid",New Testament,"Lalang hu Dios",bkd,B/Binukid/New Testament — Lalang hu Dios.html
B,"Borei",New Testament,"Raraŋ Aetaniacna Kam Wembaŋ Laŋ",gai,B/Borei/New Testament — Raraŋ Aetaniacna Kam Wembaŋ Laŋ.html
K,"Kamasau",New Testament,"Yumbui Ningg Wand Yuwon Ye",kms,K/Kamasau/New Testament — Yumbui Ningg Wand Yuwon Ye.html
K,"Kuvi",Portions,"ପୁଃନି ମେ଼ରା",kxv,K/Kuvi/Portions — ପୁଃନି ମେ଼ରା.html
F,"Fataleka",New Testament,"Farongoe Lea Ana Fataleka",far,F/Fataleka/New Testament — Farongoe Lea Ana Fataleka.html
T,"Tojolabal",New Testament,"Ja yajcʼachil testamento sbaj ja cajualtic Jesucristo",tojNT,T/Tojolabal/New Testament — Ja yajcʼachil testamento sbaj ja cajualtic Jesucristo.html
S,"Southwest Tanna",New Testament,"Nəkwəkwə imərhakə kape kughen: nɨrpenien vi",nwi,S/Southwest Tanna/New Testament — Nəkwəkwə imərhakə kape kughen nɨrpenien vi.html
T,"Tinputz",New Testament,"SOE A TOꞌTOꞌ",tpz,T/Tinputz/New Testament — SOE A TOꞌTOꞌ.html
C,"Chontal, Highland Oaxaca",New Testament,"Lataiquiʼ loyaʼapa iƚe al cʼa lixpicʼepa L̵anDios",chdNT,C/Chontal, Highland Oaxaca/New Testament — Lataiquiʼ loyaʼapa iƚe al cʼa lixpicʼepa L̵anDios.html
K,"Kadiwéu",New Testament,"Gela Liwai Lotaɡ̶anaɡ̶axi Aneotedoɡ̶oji",kbcNT,K/Kadiwéu/New Testament — Gela Liwai Lotaɡ̶anaɡ̶axi Aneotedoɡ̶oji.html
G,"Gwich'in",New Testament,"Vit'eegwijyąhchy'aa Vagwandak Nizįį",gwiNT,G/Gwich'in/New Testament — Vit'eegwijyąhchy'aa Vagwandak Nizįį.html
H,"Hanga Hundi",New Testament,"Godna Hundi",wos,H/Hanga Hundi/New Testament — Godna Hundi.html
K,"Komba",New Testament,"SIŊGI ÂLIP EKAP",kpf,K/Komba/New Testament — SIŊGI ÂLIP EKAP.html
T,"Tzotzil",New Testament,"Jaʼ ti achʼ Testamento: jaʼ scʼopilal ti Jesucristoe jaʼ ti Jcoltavanej cuʼuntique",tzoNT,T/Tzotzil/New Testament — Jaʼ ti achʼ Testamento jaʼ scʼopilal ti Jesucristoe jaʼ ti Jcoltavanej cuʼuntique.html
B,"Bughotu",New Testament,"Na Rorongo Ke Toke Eigna a Jisas Krais",bgt,B/Bughotu/New Testament — Na Rorongo Ke Toke Eigna a Jisas Krais.html
Y,"Yau",New Testament,"Fat Mata ogepma",yuw,Y/Yau/New Testament — Fat Mata ogepma.html
B,"Biangai",New Testament,"Anotogi Ngago Wik Yisu Kilisiyegi Langaira",big,B/Biangai/New Testament — Anotogi Ngago Wik Yisu Kilisiyegi Langaira.html
B,"Biangai",New Testament,"Biangai",big2013,B/Biangai/New Testament — Biangai.html
B,"Benabena",New Testament,"Ka Lamana'a Mono'i Lu Mu Tifi'ehina Ka Yabe",bef,B/Benabena/New Testament — Ka Lamana'a Mono'i Lu Mu Tifi'ehina Ka Yabe.html
F,"Fasu",New Testament,"Kotimo Kawe Someaka Masane Oyapo",faa,F/Fasu/New Testament — Kotimo Kawe Someaka Masane Oyapo.html
M,"Machiguenga",New Testament,"Iriniane Tasorintsi",mcbNT,M/Machiguenga/New Testament — Iriniane Tasorintsi.html
D,"Daga",New Testament,"Daga New Testament",dgz,D/Daga/New Testament — Daga New Testament.html
Z,"Zapotec, Yatzachi",New Testament,"Testament Cobə deʼen choeʼ dižəʼ c̱he ancho Jesocristənʼ",zavNT,Z/Zapotec, Yatzachi/New Testament — Testament Cobə deʼen choeʼ dižəʼ c̱he ancho Jesocristənʼ.html
C,"Chuave",New Testament,"YAI GUMAN GUNOM KAM",cjv,C/Chuave/New Testament — YAI GUMAN GUNOM KAM.html
S,"Siane",New Testament,"Gotiki olu kutifi ledami ka kofawa",snp,S/Siane/New Testament — Gotiki olu kutifi ledami ka kofawa.html
S,"Siane",New Testament,"Goti Ukuwala Hala",snp-lambau,S/Siane/New Testament — Goti Ukuwala Hala.html
T,"Takia",New Testament,"Anut san bilaluŋ foun",tbc,T/Takia/New Testament — Anut san bilaluŋ foun.html
M,"Mixe, Coatlán",New Testament,"El Nuevo Testamento en mixe de Coatlán",mcoNT,M/Mixe, Coatlán/New Testament — El Nuevo Testamento en mixe de Coatlán.html
S,"Swahili",Portions,"Biblia Takatifu",swh1850,S/Swahili/Portions — Biblia Takatifu.html
A,"Agta, Casiguran Dumagat",New Testament,"Bigu a tipan: I mahusay a baheta para ta panahun tam",dgc,A/Agta, Casiguran Dumagat/New Testament — Bigu a tipan I mahusay a baheta para ta panahun tam.html
M,"Manobo, Ata",New Testament,"Kasulatan to Magboboot",atdNT,M/Manobo, Ata/New Testament — Kasulatan to Magboboot.html
K,"Kasua",New Testament,"Kokolo Kao Tesene Solo",khs,K/Kasua/New Testament — Kokolo Kao Tesene Solo.html
K,"Kwoma",New Testament,"GOD RIITI MAJI KEPI",kmo,K/Kwoma/New Testament — GOD RIITI MAJI KEPI.html
E,"Ese Ejja",New Testament,"Eyacuiñajjija Esohui",eseNT,E/Ese Ejja/New Testament — Eyacuiñajjija Esohui.html
M,"Mazahua, Central",New Testament,"Nu o̱ jña mizhocjimi nu mama ja ga cja e Jesucristo",mazNT,M/Mazahua, Central/New Testament — Nu o̱ jña mizhocjimi nu mama ja ga cja e Jesucristo.html
S,"Saniyo-Hiyewe",New Testament,"Owane Sitewi lo Peri Teꞌe Naneiyei Heꞌi",sny,S/Saniyo-Hiyewe/New Testament — Owane Sitewi lo Peri Teꞌe Naneiyei Heꞌi.html
B,"Belize Kriol English",New Testament,"Di Nyoo Testiment eena Bileez Kriol",bzj,B/Belize Kriol English/New Testament — Di Nyoo Testiment eena Bileez Kriol.html
C,"Cuicatec, Teutila",New Testament,"El Nuevo Testamento: Cuicateco de Teutila",cutNT,C/Cuicatec, Teutila/New Testament — El Nuevo Testamento Cuicateco de Teutila.html
M,"Matsés",New Testament,"Esuquidistu Chuiquin Tantiamete",mcfNT,M/Matsés/New Testament — Esuquidistu Chuiquin Tantiamete.html
K,"Karkar-Yuri",New Testament,"Kwaromp Kwapwe Kare Kar",yuj,K/Karkar-Yuri/New Testament — Kwaromp Kwapwe Kare Kar.html
N,"Nomatsiguenga",New Testament,"Irinibare Tosorintsi Ocomantëgotëri Antigomi Jesoquirisito",notNT,N/Nomatsiguenga/New Testament — Irinibare Tosorintsi Ocomantëgotëri Antigomi Jesoquirisito.html
M,"Macuna",New Testament,"Dios Oca Tuti",myy,M/Macuna/New Testament — Dios Oca Tuti.html
N,"Nobonob",New Testament,"KAYAKNU NAI Tituanak Bau",gaw,N/Nobonob/New Testament — KAYAKNU NAI Tituanak Bau.html
S,"Sabaot",New Testament,"Biibilya Nyēē Tiliil",spyNT,S/Sabaot/New Testament — Biibilya Nyēē Tiliil.html
S,"Safeyoka",New Testament,"Mpohwoe Hungkuno Songofoho",apz,S/Safeyoka/New Testament — Mpohwoe Hungkuno Songofoho.html
K,"Kisar",New Testament,"Makromod lalap lirna wawan",kjeNT,K/Kisar/New Testament — Makromod lalap lirna wawan.html
Q,"Quechua, Lambayeque",New Testament,"Mushuq Testamento",qufNT,Q/Quechua, Lambayeque/New Testament — Mushuq Testamento.html
S,"Sa'a",New Testament,"Tataroha Diana i Sulie Aalaha Ikie a Jisas Kraes",apb,S/Sa'a/New Testament — Tataroha Diana i Sulie Aalaha Ikie a Jisas Kraes.html
M,"Manobo, Agusan",New Testament,"Kasuyatan to Diyus",msmNT,M/Manobo, Agusan/New Testament — Kasuyatan to Diyus.html
G,"Gamo",New Testament,"Ooratha Caaqo Maxaafa Gamoththo",gmvRNT,G/Gamo/New Testament — Ooratha Caaqo Maxaafa Gamoththo.html
M,"Minaveha",New Testament,"Awaeha Vovouna Minaveha Movia",mvn,M/Minaveha/New Testament — Awaeha Vovouna Minaveha Movia.html
S,"Siriano",New Testament,"Marĩpʉya Kerere Wereri Turi",sri,S/Siriano/New Testament — Marĩpʉya Kerere Wereri Turi.html
H,"Hamer-Banna",New Testament,"Haalin Mallano",amf,H/Hamer-Banna/New Testament — Haalin Mallano.html
T,"Tzotzil",New Testament,"ACH' TESTAMENTO",tzotze,T/Tzotzil/New Testament — ACH' TESTAMENTO.html
A,"Alune",New Testament,"Janji beluke",alpNT,A/Alune/New Testament — Janji beluke.html
M,"Molima",New Testament,"Molima New Testament",mox,M/Molima/New Testament — Molima New Testament.html
A,"Arosi",New Testament,"Taroha Goro mana Usuusu Maea",aia,A/Arosi/New Testament — Taroha Goro mana Usuusu Maea.html
L,"Lewo",New Testament,"Lologena Wo Kienane Yesu Kristo Kome Kewo",lww,L/Lewo/New Testament — Lologena Wo Kienane Yesu Kristo Kome Kewo.html
B,"Baki",New Testament,"Verikariano Vou Na Baki",bki,B/Baki/New Testament — Verikariano Vou Na Baki.html
B,"Bukiyip",New Testament,"God Ananin Balan",apeB,B/Bukiyip/New Testament — God Ananin Balan.html
C,"Cavineña",New Testament,"Yusuja Quisarati",cavNT,C/Cavineña/New Testament — Yusuja Quisarati.html
A,"Arapesh",New Testament,"IRUHIN ANANIN BARAEN",aon,A/Arapesh/New Testament — IRUHIN ANANIN BARAEN.html
B,"Bukiyip",New Testament,"IRUHIN ANANIN BARAEN",apec,B/Bukiyip/New Testament — IRUHIN ANANIN BARAEN.html
C,"Cubeo",New Testament,"Majepacʉ jʉ̃menijicʉi yávaiye mamaene coyʉitucubo",cubNT,C/Cubeo/New Testament — Majepacʉ jʉ̃menijicʉi yávaiye mamaene coyʉitucubo.html
H,"Hindustani, Caribbean",New Testament,"Parmeswar ke naawa poestak",hnsNT,H/Hindustani, Caribbean/New Testament — Parmeswar ke naawa poestak.html
M,"Mufian",New Testament,"Basef Buꞌwafi Godi",aoj,M/Mufian/New Testament — Basef Buꞌwafi Godi.html
P,"Pengo",Portions,"ସତ୍‌ ବଚନ୍‌",peg,P/Pengo/Portions — ସତ୍‌ ବଚନ୍‌.html
F,"Filifita dialect of Mufian",New Testament,"BASEF BUꞋWAMI GODI",aoj-filifita,F/Filifita dialect of Mufian/New Testament — BASEF BUꞋWAMI GODI.html
U,"Urat",New Testament,"Wusyep Bwore tikin Got",urt,U/Urat/New Testament — Wusyep Bwore tikin Got.html
B,"Bangwinji",Portions,"Bangwinji",bsj,B/Bangwinji/Portions — Bangwinji.html
K,"Kire",New Testament,"Fhe Bakɨmen Kaman Kameŋ",geb,K/Kire/New Testament — Fhe Bakɨmen Kaman Kameŋ.html
B,"Bakairí",New Testament,"Deus Itaumbyry",bkqNT,B/Bakairí/New Testament — Deus Itaumbyry.html
W,"Wiru",New Testament,"Weneya Totono Keraisu Yesunomo",wiu,W/Wiru/New Testament — Weneya Totono Keraisu Yesunomo.html
G,"Gamotso",New Testament,"Gamo Geesha Maxxafa New Testament",gmvggm,G/Gamotso/New Testament — Gamo Geesha Maxxafa New Testament.html
C,"Carapana",New Testament,"Dios Cʉ̃ Cauetibʉjʉ Cũrĩcã Tuti",cbcNT,C/Carapana/New Testament — Dios Cʉ̃ Cauetibʉjʉ Cũrĩcã Tuti.html
K,"Kuot",New Testament,"Bais Ula Mumuru Aime Iesu",kto,K/Kuot/New Testament — Bais Ula Mumuru Aime Iesu.html
S,"Shuar",New Testament,"Yus Papí: Shuarja̱i̱ Yus Yamaram Chicham Najanamu",jivNT,S/Shuar/New Testament — Yus Papí Shuarja̱i̱ Yus Yamaram Chicham Najanamu.html
K,"Koiali, Mountain",New Testament,"Buka Tumute",kpx,K/Koiali, Mountain/New Testament — Buka Tumute.html
Q,"Quichua, Northern Pastaza",New Testament,"Diospa shimi",qvzNT,Q/Quichua, Northern Pastaza/New Testament — Diospa shimi.html
K,"Kandawo",New Testament,"Jisas Kandjiyebe Wopake",gam,K/Kandawo/New Testament — Jisas Kandjiyebe Wopake.html
Q,"Quechua, Cajamarca",New Testament,"Mushuq Tistamintu",qvcNT,Q/Quechua, Cajamarca/New Testament — Mushuq Tistamintu.html
T,"Tzotzil",New Testament,"Sc'op riox: ja' li' yaloj ti chac' jcuxlejaltic ta sbatel osli ti cajvaltic Jesucristoe",tzoZNT,T/Tzotzil/New Testament — Sc'op riox ja' li' yaloj ti chac' jcuxlejaltic ta sbatel osli ti cajvaltic Jesucristoe.html
S,"Sursurunga",New Testament,"Hutngin kamkabat si Káláu",sgz,S/Sursurunga/New Testament — Hutngin kamkabat si Káláu.html
D,"Dawro",New Testament,"Ooratha Caaquwaa",dwrNT,D/Dawro/New Testament — Ooratha Caaquwaa.html
H,"Hixkaryána",New Testament,"Khoryenkom Karyehtanà",hixNT,H/Hixkaryána/New Testament — Khoryenkom Karyehtanà.html
N,"Ngäbere",New Testament,"Kukwe kuin ngöbökwe",gymNT,N/Ngäbere/New Testament — Kukwe kuin ngöbökwe.html
M,"Mekeo",New Testament,"Mauni Mamaga Iifaga",mek,M/Mekeo/New Testament — Mauni Mamaga Iifaga.html
A,"Alamblak",New Testament,"Bro Nkifrarhu Mrokfot",amp,A/Alamblak/New Testament — Bro Nkifrarhu Mrokfot.html
G,"Guayabero",New Testament,"Pajelwʉajan Dios pejjamechan",guoNT,G/Guayabero/New Testament — Pajelwʉajan Dios pejjamechan.html
H,"Huitoto, Murui",New Testament,"Jusiñamui uai: Jusiñamui jito rafue illa rabenico",huuNT,H/Huitoto, Murui/New Testament — Jusiñamui uai Jusiñamui jito rafue illa rabenico.html
T,"Tabo",New Testament,"GODOKONO HIDO TABO",knv-aramia,T/Tabo/New Testament — GODOKONO HIDO TABO.html
T,"Tabo",New Testament,"GODOKONO WADE TABO",knv-fly_river,T/Tabo/New Testament — GODOKONO WADE TABO.html
I,"Iwal",New Testament,"YISU KILISI ANE BINGE VIE GIENGK IWAL AVOS",kbm,I/Iwal/New Testament — YISU KILISI ANE BINGE VIE GIENGK IWAL AVOS.html
M,"Mansaka",New Testament,"Yang Bago na Togon Kanatu",msk,M/Mansaka/New Testament — Yang Bago na Togon Kanatu.html
M,"Mende",New Testament,"Mashi Avui Wasilakahi",sim,M/Mende/New Testament — Mashi Avui Wasilakahi.html
Q,"Quechua, Panao Huánuco",New Testament,"Mushug Testamento",qxhNT,Q/Quechua, Panao Huánuco/New Testament — Mushug Testamento.html
B,"Bukawa",New Testament,"Anötö ndê Yom Lêŋsêm Wakuc",buk,B/Bukawa/New Testament — Anötö ndê Yom Lêŋsêm Wakuc.html
N,"Nii",New Testament,"Gos Nge Ek Ka Ei Sinim Kin Ngołum",nii,N/Nii/New Testament — Gos Nge Ek Ka Ei Sinim Kin Ngołum.html
T,"Tzotzil",New Testament,"Tzotzil, San Andres",tzoSA,T/Tzotzil/New Testament — Tzotzil, San Andres.html
T,"Timbe",New Testament,"Yusugât Pat Âlep Den",tim,T/Timbe/New Testament — Yusugât Pat Âlep Den.html
O,"Orokaiva",New Testament,"God Ta Duru Javotoho",okv,O/Orokaiva/New Testament — God Ta Duru Javotoho.html
A,"Angor",New Testament,"Godɨndɨ Hoafɨ",agg,A/Angor/New Testament — Godɨndɨ Hoafɨ.html
M,"Mixtec, Southern Puebla",New Testament,"Ley saa ni nacoo Jesucristu",mitNT,M/Mixtec, Southern Puebla/New Testament — Ley saa ni nacoo Jesucristu.html
A,"Ankave",New Testament,"Xwɨyí̵á Gorɨxoyá Sɨŋí̵pɨrɨnɨ",aak,A/Ankave/New Testament — Xwɨyí̵á Gorɨxoyá Sɨŋí̵pɨrɨnɨ.html
P,"Paumarí",New Testament,"Deus Athi Kapapirani Hida",padNT,P/Paumarí/New Testament — Deus Athi Kapapirani Hida.html
A,"Awiyaana",New Testament,"Aú-aai símai kááísamakain-aai",auy,A/Awiyaana/New Testament — Aú-aai símai kááísamakain-aai.html
K,"Kankanay, Northern",New Testament,"Kalin Apo Dios",xnn,K/Kankanay, Northern/New Testament — Kalin Apo Dios.html
K,"Kosena",New Testament,"aúná-aimba simái tarúmakain-kwasai",kze,K/Kosena/New Testament — aúná-aimba simái tarúmakain-kwasai.html
O,"Orokaiva",New Testament,"God Ta Duru Javotoho",okvh,O/Orokaiva/New Testament — God Ta Duru Javotoho (okvh).html
A,"Asháninka",New Testament,"Irineane tasorentsi oquenquetsatacotaqueri Avincatsarite Jesoquirishito",cniNT,A/Asháninka/New Testament — Irineane tasorentsi oquenquetsatacotaqueri Avincatsarite Jesoquirishito.html
D,"Djambarrpuyngu",New Testament,"God-Waŋarrwu Walŋamirr Dhäruk",djr,D/Djambarrpuyngu/New Testament — God-Waŋarrwu Walŋamirr Dhäruk.html
B,"Bargam",New Testament,"God Ago Maror Muturta Agamukan",mlp,B/Bargam/New Testament — God Ago Maror Muturta Agamukan.html
R,"Rikbaktsa",New Testament,"Deus Harere Aibaky Sesus mymyspirikpoko naha",rkbNT,R/Rikbaktsa/New Testament — Deus Harere Aibaky Sesus mymyspirikpoko naha.html
G,"Guanano",New Testament,"Cohamacʉ Yare Yahari Tjuel",gvc,G/Guanano/New Testament — Cohamacʉ Yare Yahari Tjuel.html
T,"Tepehuan, Northern",New Testament,"Diuusi ñiooquidʌ utuducami oodamicʌdʌ",ntpNT,T/Tepehuan, Northern/New Testament — Diuusi ñiooquidʌ utuducami oodamicʌdʌ.html
E,"Ewage-Notu",New Testament,"BINGA EWAMEI IESU KERISO DA JAWO DA",nou,E/Ewage-Notu/New Testament — BINGA EWAMEI IESU KERISO DA JAWO DA.html
C,"Cora, El Nayar",New Testament,"Ɨ niuucari tɨ jejcua, tɨ ajta jɨme'en ra'axa a'ɨjna ɨ tavastara'a, ɨ Cɨriistu'u tɨ ji'i Jesús tɨ̀ tu'irájtuaa",crnNT,C/Cora, El Nayar/New Testament — Ɨ niuucari tɨ jejcua, tɨ ajta jɨme'en ra'axa a'ɨjna ɨ tavastara'a, ɨ Cɨriistu'u tɨ ji'i Jesús tɨ̀ tu'irájtuaa.html
S,"Saramaccan",New Testament,"Gadu Buku",srmNT,S/Saramaccan/New Testament — Gadu Buku.html
J,"Javanese, Caribbean",New Testament,"Kitab sutyi prejanjian anyar ing Basa Jawa Suriname sing gampang",jvnNT,J/Javanese, Caribbean/New Testament — Kitab sutyi prejanjian anyar ing Basa Jawa Suriname sing gampang.html
P,"Piratapuyo",New Testament,"Cohãcjʉ̃ Yere Yahuducuri Tju",pirNT,P/Piratapuyo/New Testament — Cohãcjʉ̃ Yere Yahuducuri Tju.html
A,"Ashéninka Pajonal",New Testament,"Iwaperite tajorentsi ikenkithatakoetziri awinkatharite Jesokirishito: owakirari inimotakiri tajorentsi",cjoNT,A/Ashéninka Pajonal/New Testament — Iwaperite tajorentsi ikenkithatakoetziri awinkatharite Jesokirishito owakirari inimotakiri tajorentsi.html
T,"Tacana",New Testament,"Diusu sa mimi",tnaNT,T/Tacana/New Testament — Diusu sa mimi.html
U,"Urarina",New Testament,"Cana Coaunera Ere",uraNT,U/Urarina/New Testament — Cana Coaunera Ere.html
K,"Kaapor",New Testament,"Tupã Je'ẽha",urbNT,K/Kaapor/New Testament — Tupã Je'ẽha.html
N,"Norwegian",New Testament,"Biblica® Open En Levende Bok: Det Nye Testamentet",noblb,N/Norwegian/New Testament — Biblica® Open En Levende Bok Det Nye Testamentet.html
B,"Bwanabwana",New Testament,"Buki Tabu Waluwaluna",tte,B/Bwanabwana/New Testament — Buki Tabu Waluwaluna.html
H,"Huambisa",New Testament,"Yuusa chichame yaunchukia tura yamaram chichamjai aarmau",hubNT,H/Huambisa/New Testament — Yuusa chichame yaunchukia tura yamaram chichamjai aarmau.html
T,"Ticuna",New Testament,"Tupanaarü Ore i Tórü Cori ya Ngechuchu ya Cristuchiga",tcaNT,T/Ticuna/New Testament — Tupanaarü Ore i Tórü Cori ya Ngechuchu ya Cristuchiga.html
Y,"Yanesha'",New Testament,"Yompor Poʼñoñ ñeñt ̃ attõ Yepartseshar Jesucristo eʼñe etserra aʼpoctaterrnay Yomporesho",ameNT,Y/Yanesha'/New Testament — Yompor Poʼñoñ ñeñt ̃ attõ Yepartseshar Jesucristo eʼñe etserra aʼpoctaterrnay Yomporesho.html
M,"Mian",New Testament,"Gode Dowan Wengobe",mpt,M/Mian/New Testament — Gode Dowan Wengobe.html
H,"Haruai",New Testament,"MÖNÖ KÖMÖ",tmd,H/Haruai/New Testament — MÖNÖ KÖMÖ.html
M,"Minimib dialect of Kalam",New Testament,"MƗNƗM KOMIŊ",kmh-m,M/Minimib dialect of Kalam/New Testament — MƗNƗM KOMIŊ.html
T,"Tai",New Testament,"Jisas Klays Takaw Teplep Ne",taw,T/Tai/New Testament — Jisas Klays Takaw Teplep Ne.html
K,"Kobon",New Testament,"Manö Kamɨŋ",kpw,K/Kobon/New Testament — Manö Kamɨŋ.html
U,"Umanakaina",New Testament,"IYA YONAI",gdn,U/Umanakaina/New Testament — IYA YONAI.html
A,"Aruamu",New Testament,"Godɨn Akar Aghuim; Akar Dɨkɨrɨzir Gavgavir Igiam",msy,A/Aruamu/New Testament — Godɨn Akar Aghuim; Akar Dɨkɨrɨzir Gavgavir Igiam.html
Q,"Quechua, Southern Pastaza",New Testament,"Yaya Diospa mushu killkachishkan shimi",qupNT,Q/Quechua, Southern Pastaza/New Testament — Yaya Diospa mushu killkachishkan shimi.html
H,"Hebrew",New Testament,"Biblica®‎ ‫הברית החדשה/הדרך זכויות פתוחות",heblb,H/Hebrew/New Testament — Biblica®‎ ‫הברית החדשה הדרך זכויות פתוחות.html
Y,"Yele",New Testament,"NMÎ MÎ U KÓPU DYUU",yle,Y/Yele/New Testament — NMÎ MÎ U KÓPU DYUU.html
A,"Anjam",New Testament,"Yesus Aqa Anjam Bole 2000",boj,A/Anjam/New Testament — Yesus Aqa Anjam Bole 2000.html
H,"Halia",New Testament,"U BULUNGANA U NIGA",hla,H/Halia/New Testament — U BULUNGANA U NIGA.html
U,"Umbu-Ungu",New Testament,"PULU YEMONGA UNGU KONDEMO",ubu-kala,U/Umbu-Ungu/New Testament — PULU YEMONGA UNGU KONDEMO.html
I,"Imbo Ungu",New Testament,"UNGU TUKUMEMU",imo,I/Imbo Ungu/New Testament — UNGU TUKUMEMU.html
U,"Umbu-Ungu",New Testament,"PULU YEMONGA UNGU KONDEMO",ubu-nopenge,U/Umbu-Ungu/New Testament — PULU YEMONGA UNGU KONDEMO (ubu-nopenge).html
U,"Usan",New Testament,"Qenu Qob Uber",wnu,U/Usan/New Testament — Qenu Qob Uber.html
Z,"Zapotec, Mixtepec",New Testament,"Diidz ne rdeed guielmban",zpmNT,Z/Zapotec, Mixtepec/New Testament — Diidz ne rdeed guielmban.html
T,"Tenharim",New Testament,"Tupanaʼga nhiʼig̃a",pahNT,T/Tenharim/New Testament — Tupanaʼga nhiʼig̃a.html
D,"Dano",New Testament,"MONO' GODOLO GOSOHO'",aso,D/Dano/New Testament — MONO' GODOLO GOSOHO'.html
G,"Gwahatike",New Testament,"Al Kuruŋyen Mere Igiŋ",dah,G/Gwahatike/New Testament — Al Kuruŋyen Mere Igiŋ.html
C,"Cacua",New Testament,"Dios ã jáap naáwát tólih",cbv,C/Cacua/New Testament — Dios ã jáap naáwát tólih.html
B,"Bo-Ung",New Testament,"PULU YILI-NGA UNG KONALE",mux,B/Bo-Ung/New Testament — PULU YILI-NGA UNG KONALE.html
P,"Patpatar",New Testament,"No Tahut na Hinhinawas",gfkh,P/Patpatar/New Testament — No Tahut na Hinhinawas.html
M,"Malei-Hote",New Testament,"Wapômbêŋ Anêŋ Abô Matheŋ",hot,M/Malei-Hote/New Testament — Wapômbêŋ Anêŋ Abô Matheŋ.html
P,"Patpatar",New Testament,"No Tahut na Hininaawas",gfks,P/Patpatar/New Testament — No Tahut na Hininaawas.html
U,"Umbu-Ungu",New Testament,"PULU YEMONGA UNGU KONDEMO",ubu-andelale,U/Umbu-Ungu/New Testament — PULU YEMONGA UNGU KONDEMO (ubu-andelale).html
G,"Girawa",New Testament,"Anut nukan Ämän Eposek",bbr,G/Girawa/New Testament — Anut nukan Ämän Eposek.html
G,"Girawa",New Testament,"Anut nukan Ämän Eposek",bbr2013,G/Girawa/New Testament — Anut nukan Ämän Eposek (bbr2013).html
N,"Nabak",New Testament,"Kawawaŋgalen Tâtâ Alakŋaŋ",naf,N/Nabak/New Testament — Kawawaŋgalen Tâtâ Alakŋaŋ.html
T,"Telefol",New Testament,"GOD IMI WENG",tlf,T/Telefol/New Testament — GOD IMI WENG.html
K,"Kein",New Testament,"Uwait nugau Ze Naliu",bmh,K/Kein/New Testament — Uwait nugau Ze Naliu.html
O,"Oksapmin",New Testament,"Got orhe meng brak ban",opm,O/Oksapmin/New Testament — Got orhe meng brak ban.html
U,"Uri",New Testament,"ANUTUNING MIDI TOTANGAKA INGA'NI",uvh,U/Uri/New Testament — ANUTUNING MIDI TOTANGAKA INGA'NI.html
C,"Chumburung",New Testament,"Abware̱se̱ŋ Wo̱re̱-ɔ",ncuNT,C/Chumburung/New Testament — Abware̱se̱ŋ Wo̱re̱-ɔ.html
T,"Tifal",New Testament,"God Ami Alokso Weng",tif,T/Tifal/New Testament — God Ami Alokso Weng.html
F,"Folopa",New Testament,"Yesu Kerisoné So Whi̧ Tao Sere Kisi Fo Wisi",ppo,F/Folopa/New Testament — Yesu Kerisoné So Whi̧ Tao Sere Kisi Fo Wisi.html
I,"Iatmul",New Testament,"GOD WAA NYAAGƗT",ian,I/Iatmul/New Testament — GOD WAA NYAAGƗT.html
K,"Kayapó",New Testament,"Metĩndjwỳnh Kute Memã Kabẽn Ny Jarẽnh",txuNT,K/Kayapó/New Testament — Metĩndjwỳnh Kute Memã Kabẽn Ny Jarẽnh.html
K,"Kaiwá",New Testament,"Nhandejáry Nhe'ẽ",kgkNT,K/Kaiwá/New Testament — Nhandejáry Nhe'ẽ.html
A,"Amarakaeri",New Testament,"Jesucristo oy oa’pak: Kenda Jesucristoa; monigka’uyatenok; Diostaj mo’manopo’yarea’ika’ne",amrNT,A/Amarakaeri/New Testament — Jesucristo oy oa’pak Kenda Jesucristoa; monigka’uyatenok; Diostaj mo’manopo’yarea’ika’ne.html
Y,"Yaminahua",New Testament,"Niospa meka fena Jesucristoõnoa",yaaNT,Y/Yaminahua/New Testament — Niospa meka fena Jesucristoõnoa.html
P,"Paicî",New Testament,"Tii Pwicîri: Âmu Aamwari naa na cî",priNT,P/Paicî/New Testament — Tii Pwicîri Âmu Aamwari naa na cî.html
K,"Karajá",New Testament,"Deuxu Rybe Tyyriti",kpjNT,K/Karajá/New Testament — Deuxu Rybe Tyyriti.html
B,"Bora",New Testament,"Píívyéébé ihjyu: jetsocríjyodítyú cáátúnuháámɨ",boaNT,B/Bora/New Testament — Píívyéébé ihjyu jetsocríjyodítyú cáátúnuháámɨ.html
T,"Tatuyo",New Testament,"Dio Wadarique",tav,T/Tatuyo/New Testament — Dio Wadarique.html
M,"Menya",New Testament,"Goti Hanjuwä Iqueqä Kukŋui",mcr,M/Menya/New Testament — Goti Hanjuwä Iqueqä Kukŋui.html
M,"Mundurukú",New Testament,"Deus ekawẽntup Kawẽn iisuat ekawẽn",myu,M/Mundurukú/New Testament — Deus ekawẽntup Kawẽn iisuat ekawẽn.html
Q,"Quechua, Huaylla Wanca",New Testament,"Muśhü limalicuy",qvwNT,Q/Quechua, Huaylla Wanca/New Testament — Muśhü limalicuy.html
F,"Finnish",New Testament,"Biblica® Avoin Elävä uutinen: Uusi testamentti vapaasti kerrottuna",fin,F/Finnish/New Testament — Biblica® Avoin Elävä uutinen Uusi testamentti vapaasti kerrottuna.html
E,"Enga",New Testament,"Enga New Testament (2023 Edition)",enq2,E/Enga/New Testament — Enga New Testament (2023 Edition).html
R,"Rawa",New Testament,"Anutlo Sumange Mande Keda",rwo-karo,R/Rawa/New Testament — Anutlo Sumange Mande Keda.html
R,"Rawa",New Testament,"ANUTRO MANDE KETA",rwo-rawa,R/Rawa/New Testament — ANUTRO MANDE KETA.html
N,"Nambikuára, Southern",New Testament,"Txa²wã¹sũ̱³na² Wãn³txa²",nabNT,N/Nambikuára, Southern/New Testament — Txa²wã¹sũ̱³na² Wãn³txa².html
S,"Sulka",New Testament,"E Nut Ka Meer Mang Ka Mokpom To A Gunngar",sua,S/Sulka/New Testament — E Nut Ka Meer Mang Ka Mokpom To A Gunngar.html
A,"Agta, Central Cagayan",New Testament,"Uhohug Na Namaratu Gafu Te Hesus Kristu",agt,A/Agta, Central Cagayan/New Testament — Uhohug Na Namaratu Gafu Te Hesus Kristu.html
B,"Baruga",New Testament,"God Da Gaga Reka Re",bjz,B/Baruga/New Testament — God Da Gaga Reka Re.html
S,"Setswana",New Testament,"Biblica® Open Lefoko: La Botshelo Kgolagano e Ntsha",tsn,S/Setswana/New Testament — Biblica® Open Lefoko La Botshelo Kgolagano e Ntsha.html
A,"Ambulas",New Testament,"Gotna Kudi",abt-maprik,A/Ambulas/New Testament — Gotna Kudi.html
W,"Wosera-Kamu dialect of Ambulas",New Testament,"Gotna Kundi",abt-wosera,W/Wosera-Kamu dialect of Ambulas/New Testament — Gotna Kundi.html
K,"Kayabí",New Testament,"Janeruwarete 'Ga Je'eg",kyzNT,K/Kayabí/New Testament — Janeruwarete 'Ga Je'eg.html
T,"Tohono O'odham",New Testament,"Jiosh Wechij O'ohana",oodNT,T/Tohono O'odham/New Testament — Jiosh Wechij O'ohana.html
C,"Colorado",New Testament,"Diosichi Pila",cofNT,C/Colorado/New Testament — Diosichi Pila.html
I,"Iduna",New Testament,"YAUBADA BONANA VEYAO IVAGUNA Bona Iduna",viv,I/Iduna/New Testament — YAUBADA BONANA VEYAO IVAGUNA Bona Iduna.html
B,"Barasana-Eduria",New Testament,"Dios oca gotirituti",bsnNT,B/Barasana-Eduria/New Testament — Dios oca gotirituti.html
K,"Kanite",New Testament,"Anumayamo'a Haegafa Alino Hagelafilatenea Kea",kmu,K/Kanite/New Testament — Anumayamo'a Haegafa Alino Hagelafilatenea Kea.html
B,"Buglere",New Testament,"Chube gerua jagere Jesucristo giti degaba kwian ulita alin: El Nuevo Testamento de nuestro Señor Jesucristo en el idioma buglere",sabNT,B/Buglere/New Testament — Chube gerua jagere Jesucristo giti degaba kwian ulita alin El Nuevo Testamento de nuestro Señor Jesucristo en el idioma .html
M,"Mokilese",Portions,"Mokilese Bible",mkj,M/Mokilese/Portions — Mokilese Bible.html
K,"Kunimaipa",New Testament,"Baiñetinavoz Tep Tokatit",kup,K/Kunimaipa/New Testament — Baiñetinavoz Tep Tokatit.html
M,"Mixe, Isthmus",New Testament,"El Nuevo Testamento en mixe de Guichicovi",mirNT,M/Mixe, Isthmus/New Testament — El Nuevo Testamento en mixe de Guichicovi.html
M,"Melpa",New Testament,"Got Nga Nambuha Ik Kai",med,M/Melpa/New Testament — Got Nga Nambuha Ik Kai.html
P,"Pintupi-Luritja",New Testament,"Luritja Bible",piu2006,P/Pintupi-Luritja/New Testament — Luritja Bible.html
Q,"Quechua, Southern Conchucos Ancash",New Testament,"Mushog Testamento",qxoNT,Q/Quechua, Southern Conchucos Ancash/New Testament — Mushog Testamento.html
I,"Ignaciano",New Testament,"Eta Táurinaquene máechajiriruvahi ema Viya eta viyehe, ticaijare puito Eta Nuevo Testamento",ignNT,I/Ignaciano/New Testament — Eta Táurinaquene máechajiriruvahi ema Viya eta viyehe, ticaijare puito Eta Nuevo Testamento.html
I,"Inoke-Yate",New Testament,"Anumaya Koti'a Saufa Lami'nea Ke",ino,I/Inoke-Yate/New Testament — Anumaya Koti'a Saufa Lami'nea Ke.html
I,"Inoke-Yate",New Testament,"Anumaya Kotiꞌa Saufa Lamiꞌnea Ke",ino2013,I/Inoke-Yate/New Testament — Anumaya Kotiꞌa Saufa Lamiꞌnea Ke.html
S,"Sharanahua",New Testament,"Diospan Tsain",mcdNT,S/Sharanahua/New Testament — Diospan Tsain.html
K,"Kashinawa",New Testament,"Diosun Jesúswen taexun yuba bena yiniki",cbsNT,K/Kashinawa/New Testament — Diosun Jesúswen taexun yuba bena yiniki.html
Y,"Yagua",New Testament,"Ju̱denu jto̱ nijya̱nvamyu",yadNT,Y/Yagua/New Testament — Ju̱denu jto̱ nijya̱nvamyu.html
G,"Guhu-Samane",New Testament,"PORO TONGO USAQE",ghs,G/Guhu-Samane/New Testament — PORO TONGO USAQE.html
Q,"Quechua, Huamalíes-Dos de Mayo Huánuco",New Testament,"Mushog Testamento",qvhNT,Q/Quechua, Huamalíes-Dos de Mayo Huánuco/New Testament — Mushog Testamento.html
Q,"Quechua, Margos-Yarowilca-Lauricocha",New Testament,"Mushog Testamento",qvmNT,Q/Quechua, Margos-Yarowilca-Lauricocha/New Testament — Mushog Testamento.html
K,"Kalam",New Testament,"Kalam Baybol Buk Gor minim nuk kisin angayak",kmh,K/Kalam/New Testament — Kalam Baybol Buk Gor minim nuk kisin angayak.html
X,"Xavánte",New Testament,"'Re ĩhâimana u'âsi mono zadawa wasu'u",xavNT,X/Xavánte/New Testament — 'Re ĩhâimana u'âsi mono zadawa wasu'u.html
B,"Bamu",Portions,"Tareka Buka",bcf,B/Bamu/Portions — Tareka Buka.html
E,"English",Portions,"Plain English Version",engPEV,E/English/Portions — Plain English Version.html
A,"Amharic",New Testament,"መጽሐፍ ቅዱስ",amh,A/Amharic/New Testament — መጽሐፍ ቅዱስ.html
M,"Manambu",New Testament,"Nupela Testamen long Manambu",mle,M/Manambu/New Testament — Nupela Testamen long Manambu.html
C,"Czech",New Testament,"Biblica® Open Slovo na cestu",ceslb,C/Czech/New Testament — Biblica® Open Slovo na cestu.html
N,"Namiae",New Testament,"Godon Vuak Ma Ijin",nvm,N/Namiae/New Testament — Godon Vuak Ma Ijin.html
C,"Chamorro",Portions,"Y CUATRO EBANGELIO SIJA YAN Y CHECHO Y APOSTOLES YAN Y SALMO SIJA",cha,C/Chamorro/Portions — Y CUATRO EBANGELIO SIJA YAN Y CHECHO Y APOSTOLES YAN Y SALMO SIJA.html
A,"Apinayé",New Testament,"Tĩrtũm kapẽr ã kagà nyw",apnNT,A/Apinayé/New Testament — Tĩrtũm kapẽr ã kagà nyw.html
T,"Tsakhur",Portions,"Tsakhur",tkr,T/Tsakhur/Portions — Tsakhur.html
L,"Lithuanian",Full Bible,"Tikinčiųjų paveldo vertimas",lit,L/Lithuanian/Full Bible — Tikinčiųjų paveldo vertimas.html
Y,"Yareba",New Testament,"Yareba Nupela Testamen",yrb,Y/Yareba/New Testament — Yareba Nupela Testamen.html
Y,"Yaka",Portions,"Yaka NT",yaf,Y/Yaka/Portions — Yaka NT.html
B,"Bwanabwana",Portions,"Buki Tabu Beyabeyana",tteo,B/Bwanabwana/Portions — Buki Tabu Beyabeyana.html
S,"Selepet",New Testament,"Yeshuât Den Pat Âlepŋe",spl,S/Selepet/New Testament — Yeshuât Den Pat Âlepŋe.html
A,"Aneme Wake",New Testament,"GODINU IRAU WAKE",aby,A/Aneme Wake/New Testament — GODINU IRAU WAKE.html
P,"Paiute, Northern",New Testament,"Te Naa Besa Unnepu",paoNT,P/Paiute, Northern/New Testament — Te Naa Besa Unnepu.html
N,"Nkangala",Portions,"Nkangala Bible Translation",nkn,N/Nkangala/Portions — Nkangala Bible Translation.html
M,"Muyuw",New Testament,"KALEIWAG KWEIVAW",myw,M/Muyuw/New Testament — KALEIWAG KWEIVAW.html
B,"Baiso",Portions,"Ammato Oɂusub",bswl,B/Baiso/Portions — Ammato Oɂusub.html
I,"Ipili",New Testament,"IPILI NUTESAMENE",ipi,I/Ipili/New Testament — IPILI NUTESAMENE.html
K,"Kote",Portions,"Kote New Testament",eko,K/Kote/Portions — Kote New Testament.html
P,"Polci",Portions,"Zul",plj,P/Polci/Portions — Zul.html
K,"Kate",Portions,"Kâte Bible",kmg,K/Kate/Portions — Kâte Bible.html
T,"Thai",Portions,"พระคัมภีร์แห่งเสรีภาพ",thafb,T/Thai/Portions — พระคัมภีร์แห่งเสรีภาพ.html
E,"English",Portions,"Targum Onkelos Etheridge",engoke,E/English/Portions — Targum Onkelos Etheridge.html
M,"Marghi South",Portions,"Ndǝshiguˈyar Foɗǝu Ənga Thlǝr Camaˈyar",mfm,M/Marghi South/Portions — Ndǝshiguˈyar Foɗǝu Ənga Thlǝr Camaˈyar.html
K,"Kala Lagaw Ya",Portions,"Minar Poelayzimayl",mwp,K/Kala Lagaw Ya/Portions — Minar Poelayzimayl.html
G,"Geji",Portions,"Geji New Testament Portions",gyz,G/Geji/Portions — Geji New Testament Portions.html
O,"Odoodee",Portions,"Godeeyo To Tekepo",kkc,O/Odoodee/Portions — Godeeyo To Tekepo.html
R,"Rohingya",Portions,"Rohingya Bible Translation Project",rhg,R/Rohingya/Portions — Rohingya Bible Translation Project.html
P,"Powari",Portions,"सत मारग पर चलन वारो किताब",pwr,P/Powari/Portions — सत मारग पर चलन वारो किताब.html
M,"Matumbi",Portions,"Injili ya Yesu",mgw,M/Matumbi/Portions — Injili ya Yesu.html
B,"Binandere",Portions,"God da Ge Wasiride",bhg,B/Binandere/Portions — God da Ge Wasiride.html
U,"ut-Ma'in",Portions,"ut-Mai'n Scripture portions",gel,U/ut-Ma'in/Portions — ut-Mai'n Scripture portions.html
M,"Martu Wangka",Portions,"Mamamili Wangka",mpj,M/Martu Wangka/Portions — Mamamili Wangka.html
K,"Kapin",Portions,"Kapin",tbx,K/Kapin/Portions — Kapin.html
T,"Taabwa",Portions,"Kitaabua New Testament",tap,T/Taabwa/Portions — Kitaabua New Testament.html
G,"Garrwa",Portions,"Shorter New Testament",wrk,G/Garrwa/Portions — Shorter New Testament.html
T,"Tewa",Portions,"Naˀinbí Sedó Yôesiví Tu̖u̖ / Nanbí Sedó Jôesiví Tun",tew,T/Tewa/Portions — Naˀinbí Sedó Yôesiví Tu̖u̖ Nanbí Sedó Jôesiví Tun.html
K,"Kakabai",Portions,"Giu visuvisuna",kqf,K/Kakabai/Portions — Giu visuvisuna.html
E,"Edolo",Portions,"Edolo Bible",etr,E/Edolo/Portions — Edolo Bible.html
F,"Fulfulde, Borgu",Portions,"Alkawal Kesal",fue,F/Fulfulde, Borgu/Portions — Alkawal Kesal.html
A,"Adzera",Portions,"Adzera Baibel",adz,A/Adzera/Portions — Adzera Baibel.html
T,"Tajik",Portions,"Хушхабар",tgk,T/Tajik/Portions — Хушхабар.html
E,"Eestonian",Portions,"Piibel Kõigile",ekkpkp,E/Eestonian/Portions — Piibel Kõigile.html
B,"Buhutu",Portions,"Buka Tabuna Tefadi",bxh,B/Buhutu/Portions — Buka Tabuna Tefadi.html
M,"Murrinh-Patha",Portions,"Murrinhpatha Scripture",mwf2018,M/Murrinh-Patha/Portions — Murrinhpatha Scripture.html
W,"Wedau",Portions,"Wedau Mark",wed,W/Wedau/Portions — Wedau Mark.html
A,"Anuki",Portions,"Buk Baibel long Anuki",aui,A/Anuki/Portions — Buk Baibel long Anuki.html
A,"Anmatyerre",Portions,"Anmatyerr Bible",amx,A/Anmatyerre/Portions — Anmatyerr Bible.html
G,"Glavda",Portions,"Glavda NT Portion",glwl,G/Glavda/Portions — Glavda NT Portion.html
A,"Abureni",Portions,"Abureni NT Portions",mgj,A/Abureni/Portions — Abureni NT Portions.html
M,"Morokodo",Portions,"Morokodo",mgc,M/Morokodo/Portions — Morokodo.html
A,"Anindilyakwa",Portions,"Anindilyakwa Bible",aoi,A/Anindilyakwa/Portions — Anindilyakwa Bible.html
R,"Romani, Vlax",Portions,"Библия пы сэрвицко ромско чиб",rmyservi,R/Romani, Vlax/Portions — Библия пы сэрвицко ромско чиб.html
R,"Romani, Balkan",Portions,"Библия опэр крымски романи чиб",rmn,R/Romani, Balkan/Portions — Библия опэр крымски романи чиб.html
R,"Romani",Portions,"Библия пэ влахицко романи шыб",rmyvlakh,R/Romani/Portions — Библия пэ влахицко романи шыб.html
K,"Koda",Portions,"কড়া অনুবাদ",cdz,K/Koda/Portions — কড়া অনুবাদ.html
M,"Mwaghavul",Portions,"Manji Yiljep",sur,M/Mwaghavul/Portions — Manji Yiljep.html
W,"Waddar",Portions,"वडार",wbq,W/Waddar/Portions — वडार.html
B,"Bondei",Portions,"Bondei Bible Version",bou,B/Bondei/Portions — Bondei Bible Version.html
B,"Breton",Portions,"an Bibl",breBRG,B/Breton/Portions — an Bibl.html
M,"Meriam",Portions,"Meriam Mir Bible",ulk1902,M/Meriam/Portions — Meriam Mir Bible.html
A,"Ajiya",Portions,"Ajigha NT Portion",idc,A/Ajiya/Portions — Ajigha NT Portion.html
N,"Nukna",Portions,"Miti yan Papia",klt,N/Nukna/Portions — Miti yan Papia.html
S,"Satawalese",Portions,"Pwapwior we e Santus",stw,S/Satawalese/Portions — Pwapwior we e Santus.html
K,"Khanty",Portions,"Хӑнты Перевод Библии",kca,K/Khanty/Portions — Хӑнты Перевод Библии.html
N,"Nggem",Portions,"Ala wene Nggem enane vaga dirup warek",nbq,N/Nggem/Portions — Ala wene Nggem enane vaga dirup warek.html
N,"Nek",Portions,"Nek Bible",nif,N/Nek/Portions — Nek Bible.html
R,"Reli",Portions,"సొత్తొ పురువురొ పవిత్రొ కొత",rei,R/Reli/Portions — సొత్తొ పురువురొ పవిత్రొ కొత.html
Y,"Yale, Kosarek",Portions,"Allah Yubu",kkl,Y/Yale, Kosarek/Portions — Allah Yubu.html
Y,"Yale",Portions,"Ëhwati Gali",nce,Y/Yale/Portions — Ëhwati Gali.html
K,"Kandas",Portions,"Buk Baibel long tokples Kandas",kqw,K/Kandas/Portions — Buk Baibel long tokples Kandas.html
T,"Tanimuca-Retuarã",Portions,"Tuᵽarã Majaroka",tnc,T/Tanimuca-Retuarã/Portions — Tuᵽarã Majaroka.html
B,"Blagar",Portions,"Pura Alkitab",beu,B/Blagar/Portions — Pura Alkitab.html
E,"English",Portions,"Anindilyakwa English Bible",engaoi,E/English/Portions — Anindilyakwa English Bible.html
S,"Somau Karia",Portions,"Xoiteupo Kuna",six,S/Somau Karia/Portions — Xoiteupo Kuna.html
Y,"Yamap",Portions,"Yamap",ymp,Y/Yamap/Portions — Yamap.html
J,"Jumjum",Portions,"Meeŋka Jooŋ",jum,J/Jumjum/Portions — Meeŋka Jooŋ.html
K,"Kaninuwa",Portions,"Buk Baibel long Kaninuwa",wat,K/Kaninuwa/Portions — Buk Baibel long Kaninuwa.html
U,"Urim",Portions,"Urim-Kalpm",uri,U/Urim/Portions — Urim-Kalpm.html
K,"Kurti",Portions,"Kurti Baibel",ktm,K/Kurti/Portions — Kurti Baibel.html
M,"Makhuwa-Meetto",Portions,"Makhuwa-Meetto do Novo Testamento",mgh,M/Makhuwa-Meetto/Portions — Makhuwa-Meetto do Novo Testamento.html
K,"Kwomtari",Portions,"Oofulilu Na",kwo,K/Kwomtari/Portions — Oofulilu Na.html
Y,"Yipunu",Portions,"Mbembu Nzambi o Ipunu",puu,Y/Yipunu/Portions — Mbembu Nzambi o Ipunu.html
S,"Sanga",Portions,"Sanga Language Project",xsn,S/Sanga/Portions — Sanga Language Project.html
A,"Armãneashti Arumanisht",Portions,"Biblija tu limba Rrãmãnã",rup,A/Armãneashti Arumanisht/Portions — Biblija tu limba Rrãmãnã.html
N,"Nama",Portions,"Mer Si Yesuenemén A Yesuene Waitogh Árfene Wafroghyammén Lukém Efaroméng",nmx,N/Nama/Portions — Mer Si Yesuenemén A Yesuene Waitogh Árfene Wafroghyammén Lukém Efaroméng.html
N,"Nyangumarta",Portions,"Nyangumarta Bible",nna,N/Nyangumarta/Portions — Nyangumarta Bible.html
H,"Havu",Portions,"Nouveau Testament Havu",hav,H/Havu/Portions — Nouveau Testament Havu.html
E,"English",Portions,"Barkly Bible Portions",engbarkly,E/English/Portions — Barkly Bible Portions.html
B,"Boga",Portions,"Boga New Testament Portion",bvw,B/Boga/Portions — Boga New Testament Portion.html
L,"Lietuvių",Portions,"Biblica® Naudojimo teisės atviros „Jėzus ir Jo pasekėjai“",litb,L/Lietuvių/Portions — Biblica® Naudojimo teisės atviros „Jėzus ir Jo pasekėjai“.html
S,"Sena",Portions,"Sena do Novo Testamento",seh,S/Sena/Portions — Sena do Novo Testamento.html
T,"Tsishingini",Portions,"Tsishingini (tsw) OT",tsw,T/Tsishingini/Portions — Tsishingini (tsw) OT.html
T,"Tichurong",Portions,"तिचुरोङ क्येला सारबा करारयि किताबतेबा",tcn,T/Tichurong/Portions — तिचुरोङ क्येला सारबा करारयि किताबतेबा.html
W,"Worrorra",Portions,"Worrorra Mark & Luke",wro,W/Worrorra/Portions — Worrorra Mark & Luke.html
B,"Bu (Bauchi State)",Portions,"Bu New Testament",zbu,B/Bu (Bauchi State)/Portions — Bu New Testament.html
W,"Waja",Portions,"Waja",wja,W/Waja/Portions — Waja.html
G,"Guduf-Gava",Portions,"Gava NT",gdf,G/Guduf-Gava/Portions — Gava NT.html
R,"Romani",Portions,"Библия пэ ловарицко романы щиб",rmylovari,R/Romani/Portions — Библия пэ ловарицко романы щиб.html
A,"Awara",Portions,"Awara Baibel",awx,A/Awara/Portions — Awara Baibel.html
A,"Akukem",Portions,"Mak Osɨrisira Akaman Aghuuŋ ko Iesusɨm Mbɨsevisir Gumasi",spm,A/Akukem/Portions — Mak Osɨrisira Akaman Aghuuŋ ko Iesusɨm Mbɨsevisir Gumasi.html
S,"South Tairora",Portions,"Aatasara Ioni + Maaki",omw-a,S/South Tairora/Portions — Aatasara Ioni + Maaki.html
E,"English",Portions,"Nyangumarta English Bible",engnna,E/English/Portions — Nyangumarta English Bible.html
T,"Tiwi",Portions,"Old Tiwi Scripture",tiw,T/Tiwi/Portions — Old Tiwi Scripture.html
K,"Kombio",Portions,"Kombio Yanimoi Bible Portions",xbi-y,K/Kombio/Portions — Kombio Yanimoi Bible Portions.html
A,"Ambae, East",Portions,"Waratau Siaga Tatuei mo Vilegi",omb,A/Ambae, East/Portions — Waratau Siaga Tatuei mo Vilegi.html
B,"Bwile",Portions,"Bwile Bible Translation",bwc,B/Bwile/Portions — Bwile Bible Translation.html
N,"Nimoa",Portions,"Metiu ge Efeso",nmws,N/Nimoa/Portions — Metiu ge Efeso.html
S,"Sop",Portions,"Profet Yonab Budi / Dora Nama Lukde Feiaga",urw,S/Sop/Portions — Profet Yonab Budi Dora Nama Lukde Feiaga.html
K,"Kombio",Portions,"Kombio Wampukuamp Bible Portions",xbi-w,K/Kombio/Portions — Kombio Wampukuamp Bible Portions.html
H,"Hruso",Portions,"Aka (Hrusso) Bible",hru,H/Hruso/Portions — Aka (Hrusso) Bible.html
N,"Noongar",Portions,"Noongar Bible",nys,N/Noongar/Portions — Noongar Bible.html
M,"Mori Atas",Portions,"Alkitab Tambee",mzq,M/Mori Atas/Portions — Alkitab Tambee.html
A,"Aninka",Portions,"Aninka NT Portion",aqk,A/Aninka/Portions — Aninka NT Portion.html
A,"Arapaho",Portions,"Hethadenee waunauyaunee vadan Luke Vanenāna",arp,A/Arapaho/Portions — Hethadenee waunauyaunee vadan Luke Vanenāna.html
K,"Kuturmi",Portions,"Kuturmi NT Portion",khj,K/Kuturmi/Portions — Kuturmi NT Portion.html
T,"Takwane",Portions,"Takwane do Novo Testamento",tke,T/Takwane/Portions — Takwane do Novo Testamento.html
A,"Are",Portions,"God Wonana Kaoaobaisiyena",mwc,A/Are/Portions — God Wonana Kaoaobaisiyena.html
P,"Padoe",Portions,"Akitab Padoe",pdo,P/Padoe/Portions — Akitab Padoe.html
R,"Romani, Vlax",Portions,"Luka",rmyArli,R/Romani, Vlax/Portions — Luka.html
S,"Shatt",Portions,"Sorunu Kaläg na Ikä Caning",shj,S/Shatt/Portions — Sorunu Kaläg na Ikä Caning.html
T,"Tsikimba",Portions,"Tsikimba OT",kdl,T/Tsikimba/Portions — Tsikimba OT.html
W,"Walmajarri",Portions,"Wangki Wulyu Jirrkirlikanujuwal",wmt,W/Walmajarri/Portions — Wangki Wulyu Jirrkirlikanujuwal.html
M,"Meriam",Portions,"Meriam Mir Bible",ulk,M/Meriam/Portions — Meriam Mir Bible (ulk).html
R,"Romani, Carpathian",Portions,"Біблія про закарпатцько романо чіб",rmczrb,R/Romani, Carpathian/Portions — Біблія про закарпатцько романо чіб.html
W,"Wagi",Portions,"Wagi",fad,W/Wagi/Portions — Wagi.html
K,"Kiwai, Northeast",Portions,"Pai meai Ruka-ro iꞌati emerai-ka",kiw,K/Kiwai, Northeast/Portions — Pai meai Ruka-ro iꞌati emerai-ka.html
R,"Romanian",Portions,"Luka",ronludari,R/Romanian/Portions — Luka.html
A,"Awabakal",Portions,"EUANGELION UNNI TA JESU-ÚBA CHRIST-KO-BA UPATOARA LUKA-UMBA",awk,A/Awabakal/Portions — EUANGELION UNNI TA JESU-ÚBA CHRIST-KO-BA UPATOARA LUKA-UMBA.html
A,"Ayta, Ambala",Portions,"Ayta Ambala NT Portions",abc,A/Ayta, Ambala/Portions — Ayta Ambala NT Portions.html
B,"Bareli, Palya",Portions,"भगवान ना खरला बोल",bpx,B/Bareli, Palya/Portions — भगवान ना खरला बोल.html
B,"Basa-Gurmana",Portions,"Basa-Gurmana",buj,B/Basa-Gurmana/Portions — Basa-Gurmana.html
B,"Blackfoot",Portions,"ŎKHS' I TSĬN IK SĬN NI ST. MATTHEW OT SĬN AI PI.",bla,B/Blackfoot/Portions — ŎKHS' I TSĬN IK SĬN NI ST. MATTHEW OT SĬN AI PI.html
N,"Ndonde Hamba",Portions,"Ndondehamba",njd,N/Ndonde Hamba/Portions — Ndondehamba.html
T,"Tboli",Portions,"Udél dwata: gna kesfasad ne lomi kesfasad",tblNT,T/Tboli/Portions — Udél dwata gna kesfasad ne lomi kesfasad.html
M,"Mum",Portions,"Kuyu Avi Matyu Yɨhimbɨvɨrami",kqa,M/Mum/Portions — Kuyu Avi Matyu Yɨhimbɨvɨrami.html
E,"English",Portions,"God's Living Word",eng-glw,E/English/Portions — God's Living Word.html
D,"Djinang",Portions,"Djinang Bible",dji,D/Djinang/Portions — Djinang Bible.html
G,"Gilaki",Portions,"Gilaki John",glk,G/Gilaki/Portions — Gilaki John.html
Y,"Yanyuwa",Portions,"Selections from Luke, Mark, Acts, Genesis, Ruth, and Romans",jao,Y/Yanyuwa/Portions — Selections from Luke, Mark, Acts, Genesis, Ruth, and Romans.html
N,"North Tairora",Portions,"Isuva Soqe Uva Kuama",tbg-a,N/North Tairora/Portions — Isuva Soqe Uva Kuama.html
K,"Kurama",Portions,"Akurumi NT Portion",krh,K/Kurama/Portions — Akurumi NT Portion.html
D,"Dhuwaya",Portions,"Dhuwaya Scripture",dwy,D/Dhuwaya/Portions — Dhuwaya Scripture.html
H,"Hassaniyya",Portions,"اكتاب مولانا المقدس",mey,H/Hassaniyya/Portions — اكتاب مولانا المقدس.html
F,"Falam",Portions,"Thukam Thar Lente Ṭon",cfm,F/Falam/Portions — Thukam Thar Lente Ṭon.html
P,"Palaung, Shwe",Portions,"The New Testament in Shwe Palaung",pll,P/Palaung, Shwe/Portions — The New Testament in Shwe Palaung.html
B,"Beaver",Portions,"OOTECH OOCHU TAKEHNIYA TINKLES ST. MARK",bea,B/Beaver/Portions — OOTECH OOCHU TAKEHNIYA TINKLES ST. MARK.html
I,"Icelandic",Portions,"316-biblían",isl316,I/Icelandic/Portions — 316-biblían.html
M,"Mawng",Portions,"Mawng Mark and other Scripture portions",mph,M/Mawng/Portions — Mawng Mark and other Scripture portions.html
P,"Purum",Portions,"Mark Ning Amije Chongkahoi",pub,P/Purum/Portions — Mark Ning Amije Chongkahoi.html
K,"Kyenele",Portions,"Mak - Kiañiŋ Balaŋ",kql,K/Kyenele/Portions — Mak - Kiañiŋ Balaŋ.html
S,"Sam",Portions,"Xotei ido Sam Mak ana Inggrengalox",snx,S/Sam/Portions — Xotei ido Sam Mak ana Inggrengalox.html
W,"Wedau",Portions,"Topura (Wedau) Mark",wed-topura,W/Wedau/Portions — Topura (Wedau) Mark.html
T,"Taupota",Portions,"Taupota Mark",tpa,T/Taupota/Portions — Taupota Mark.html
M,"Maiadomu",Portions,"Maiadomu Malika",mzz,M/Maiadomu/Portions — Maiadomu Malika.html
G,"Ghayavi",Portions,"Ghayavi Mak",bmk,G/Ghayavi/Portions — Ghayavi Mak.html
D,"Djangu",Portions,"Wangurri Scripture",dhg,D/Djangu/Portions — Wangurri Scripture.html
D,"Djangu",Portions,"Dhuwa-Dhaŋu'mi Mark+",dhgduwadha,D/Djangu/Portions — Dhuwa-Dhaŋu'mi Mark+.html
N,"Nend",Portions,"MAK Yakŋ Ohɨrand Ya Imbɨr Makɨv Mpamar",anh,N/Nend/Portions — MAK Yakŋ Ohɨrand Ya Imbɨr Makɨv Mpamar.html
B,"Baikeno",Portions,"Naꞌ Markus",bkx,B/Baikeno/Portions — Naꞌ Markus.html
H,"Hawu",Portions,"Maꞌu",hvn,H/Hawu/Portions — Maꞌu.html
K,"Kunwinjku",Portions,"Kuninjku Selections",gupk,K/Kunwinjku/Portions — Kuninjku Selections.html
N,"Narrinyeri",Portions,"Tungarar Jehobald YARILDEWALLIN",nay,N/Narrinyeri/Portions — Tungarar Jehobald YARILDEWALLIN.html
A,"Arabic, Sudanese Creole",Portions,"Kitab al Mukadas ma Arabi Juba",pga,A/Arabic, Sudanese Creole/Portions — Kitab al Mukadas ma Arabi Juba.html
O,"Omwunra-Toqura or South Tairora",Portions,"Veqaura Baibel",omw-v,O/Omwunra-Toqura or South Tairora/Portions — Veqaura Baibel.html
K,"Kukatja",Portions,"Kukatja Scriptures",kux,K/Kukatja/Portions — Kukatja Scriptures.html
T,"Thayore",Portions,"Kuuk Thayorre Bible Portions",thd,T/Thayore/Portions — Kuuk Thayorre Bible Portions.html
Y,"Yipma",Portions,"Selected Scriptures in Yipma/Wagamwa",byr-w,Y/Yipma/Portions — Selected Scriptures in Yipma Wagamwa.html
G,"Gurinji",Portions,"Gurindji Scripture",gue,G/Gurinji/Portions — Gurindji Scripture.html
A,"Apma",Portions,"Jona",app,A/Apma/Portions — Jona.html
K,"Kitja",Portions,"Jawunany",gia,K/Kitja/Portions — Jawunany.html
E,"English",Portions,"Easy to Translate English Jonah",enge2t,E/English/Portions — Easy to Translate English Jonah.html
D,"Djeebbana",Portions,"Ndjebbana Bible Portions",djj,D/Djeebbana/Portions — Ndjebbana Bible Portions.html
K,"Kunjen",Portions,"Kunjen Mark Portions",kjn,K/Kunjen/Portions — Kunjen Mark Portions.html
N,"Nakara",Portions,"Nakara Selections",nck,N/Nakara/Portions — Nakara Selections.html
Y,"Yindjibarndi",Portions,"NYIRTINGU MANYKA WANTHARNA NGURRAY",yij,Y/Yindjibarndi/Portions — NYIRTINGU MANYKA WANTHARNA NGURRAY.html
A,"Adnyamathanha",Portions,"Adnyamathanha Christmas Story",adt,A/Adnyamathanha/Portions — Adnyamathanha Christmas Story.html
G,"Gunwinggu",Portions,"Mayali (Jabiru) Scripture",gupmay,G/Gunwinggu/Portions — Mayali (Jabiru) Scripture.html
G,"Gupapuyngu",Portions,"Gupapuyngu Scripture",guf,G/Gupapuyngu/Portions — Gupapuyngu Scripture.html
T,"Tiwi",Portions,"New Tiwi Scripture",tiwm,T/Tiwi/Portions — New Tiwi Scripture.html
G,"Guugu Yimidhirr",Portions,"Matthew sample",kky,G/Guugu Yimidhirr/Portions — Matthew sample.html
K,"Kunbarlang",Portions,"Kunbarlang Scripture",wlg,K/Kunbarlang/Portions — Kunbarlang Scripture.html
R,"Rembarunga",Portions,"Rembarrnga Scripture",rmb,R/Rembarunga/Portions — Rembarrnga Scripture.html
D,"Dhuwal",Portions,"Liyagawumirr Luke",dwuliv,D/Dhuwal/Portions — Liyagawumirr Luke.html
G,"Guragone",Portions,"Gurrgoni Scripture",gge,G/Guragone/Portions — Gurrgoni Scripture.html
I,"Iwaidja",Portions,"Iwaidja Selections",ibd,I/Iwaidja/Portions — Iwaidja Selections.html
L,"Larrakia",Portions,"Larrakia Christmas Story",lrg,L/Larrakia/Portions — Larrakia Christmas Story.html
D,"Dhuwal",Portions,"Marraŋu Selections",dwu,D/Dhuwal/Portions — Marraŋu Selections.html
D,"Djangu",Portions,"Warramiri Ḏolttji Selections",dhgdol,D/Djangu/Portions — Warramiri Ḏolttji Selections.html
Y,"Yan-nhangu",Portions,"Yän-nhaŋu Selections",jay,Y/Yan-nhangu/Portions — Yän-nhaŋu Selections.html
C,"Cherokee",New Testament,"Cherokee New Testament 1860",che1860,C/Cherokee/New Testament — Cherokee New Testament 1860.html
G,"Gothic",Portions,"Gothic Bible portions",gothic,G/Gothic/Portions — Gothic Bible portions.html
C,"Coptic",New Testament,"Sahidic Coptic New Testament",sahidic,C/Coptic/New Testament — Sahidic Coptic New Testament.html
M,"Manx Gaelic",Portions,"Manx Gaelic Bible portions",manxgaelic,M/Manx Gaelic/Portions — Manx Gaelic Bible portions.html
P,"Potawatomi",Portions,"Potawatomi Matthew and Acts 1844",potawatomi,P/Potawatomi/Portions — Potawatomi Matthew and Acts 1844.html
C,"Caló",Portions,"Caló Gospel of Luke",calo,C/Caló/Portions — Caló Gospel of Luke.html
S,"Scottish Gaelic",Portions,"Scots Gaelic Gospel of Mark",gaelic,S/Scottish Gaelic/Portions — Scots Gaelic Gospel of Mark.html
S,"Syriac",New Testament,"Syriac Peshitta New Testament",peshitta,S/Syriac/New Testament — Syriac Peshitta New Testament.html
B,"Basque",New Testament,"Basque Navarro-Labourdin New Testament",basque,B/Basque/New Testament — Basque Navarro-Labourdin New Testament.html
